parent,SplitA_FragE,SplitA_FragN,SplitB_FragE,SplitB_FragN,SplitC_FragE,SplitC_FragN
Cc1cc(=O)[nH]c(Nc2nc3ccccc3[nH]2)n1,Brc1nc2ccccc2[nH]1,Cc1cc(=O)[nH]c(N)n1,Cc1cc(=O)[nH]c(Br)n1,Nc1nc2ccccc2[nH]1,,
Cc1cc(=O)[nH]c(Nc2ccccc2)n1,Brc1ccccc1,Cc1cc(=O)[nH]c(N)n1,Cc1cc(=O)[nH]c(Br)n1,Nc1ccccc1,,
Cc1cc(=O)[nH]c(Nc2nc3ccccc3o2)n1,Brc1nc2ccccc2o1,Cc1cc(=O)[nH]c(N)n1,Cc1cc(=O)[nH]c(Br)n1,Nc1nc2ccccc2o1,,
c1cncc(Nc2nnc[nH]2)c1,Brc1nnc[nH]1,Nc1cccnc1,Brc1cccnc1,Nc1nnc[nH]1,,
C#CCOc1cccc(Nc2cccnc2)c1,Brc1cccnc1,C#CCOc1cccc(N)c1,C#CCOc1cccc(Br)c1,Nc1cccnc1,,
N#Cc1ccc(Nc2nccc(Cl)n2)cc1,Clc1ccnc(Br)n1,N#Cc1ccc(N)cc1,N#Cc1ccc(Br)cc1,Nc1nccc(Cl)n1,,
N#Cc1ccnc(Nc2ccc(F)cc2)c1,Fc1ccc(Br)cc1,N#Cc1ccnc(N)c1,N#Cc1ccnc(Br)c1,Nc1ccc(F)cc1,,
N#Cc1cccnc1Nc1ccc(F)cc1,Fc1ccc(Br)cc1,N#Cc1cccnc1N,N#Cc1cccnc1Br,Nc1ccc(F)cc1,,
N#Cc1ccc(Nc2ccc(Cl)nn2)cc1,Clc1ccc(Br)nn1,N#Cc1ccc(N)cc1,N#Cc1ccc(Br)cc1,Nc1ccc(Cl)nn1,,
Cc1cccc(Nc2nnc(S)s2)c1C,Sc1nnc(Br)s1,Cc1cccc(N)c1C,Cc1cccc(Br)c1C,Nc1nnc(S)s1,,
Cc1ccc(Nc2nnc(S)s2)c(C)c1,Sc1nnc(Br)s1,Cc1ccc(N)c(C)c1,Cc1ccc(Br)c(C)c1,Nc1nnc(S)s1,,
CCc1ccccc1Nc1nnc(S)s1,Sc1nnc(Br)s1,CCc1ccccc1N,CCc1ccccc1Br,Nc1nnc(S)s1,,
COCc1cccc(Nc2cc(Cl)ncn2)c1,Clc1cc(Br)ncn1,COCc1cccc(N)c1,COCc1cccc(Br)c1,Nc1cc(Cl)ncn1,,
Cc1nc(Cl)cc(Nc2ccccc2)n1,Brc1ccccc1,Cc1nc(N)cc(Cl)n1,Cc1nc(Cl)cc(Br)n1,Nc1ccccc1,,
Fc1cnc(Cl)nc1Nc1ccccc1,Brc1ccccc1,Nc1nc(Cl)ncc1F,Fc1cnc(Cl)nc1Br,Nc1ccccc1,,
O=c1[nH]c(Nc2ccccc2)cc2ccccc12,Brc1ccccc1,Nc1cc2ccccc2c(=O)[nH]1,O=c1[nH]c(Br)cc2ccccc12,Nc1ccccc1,,
COc1ccc(Nc2ccc(OC)cc2)cc1,COc1ccc(Br)cc1,COc1ccc(N)cc1,,,,
O=C1CCCc2nc(Nc3ccccc3)sc21,Brc1ccccc1,Nc1nc2c(s1)C(=O)CCC2,O=C1CCCc2nc(Br)sc21,Nc1ccccc1,,
Cc1ccc(Nc2nc(C)cc(C)n2)cc1,Cc1cc(C)nc(Br)n1,Cc1ccc(N)cc1,Cc1ccc(Br)cc1,Cc1cc(C)nc(N)n1,,
COc1ccc(Nc2cccc(OC)c2)cc1,COc1cccc(Br)c1,COc1ccc(N)cc1,COc1ccc(Br)cc1,COc1cccc(N)c1,,
c1ccc(Nc2nc3ccccc3[nH]2)cc1,Brc1nc2ccccc2[nH]1,Nc1ccccc1,Brc1ccccc1,Nc1nc2ccccc2[nH]1,,
c1ccc(Nc2n[nH]nc2-c2ccccc2)cc1,Brc1n[nH]nc1-c1ccccc1,Nc1ccccc1,Brc1ccccc1,Nc1n[nH]nc1-c1ccccc1,,
CNC(=O)Oc1ccc(Nc2ccccc2)cc1,Brc1ccccc1,CNC(=O)Oc1ccc(N)cc1,CNC(=O)Oc1ccc(Br)cc1,Nc1ccccc1,,
COc1ccccc1Nc1cccnc1C,Cc1ncccc1Br,COc1ccccc1N,COc1ccccc1Br,Cc1ncccc1N,,
Cc1cccc(C)c1Nc1nnc(S)s1,Sc1nnc(Br)s1,Cc1cccc(C)c1N,Cc1cccc(C)c1Br,Nc1nnc(S)s1,,
COc1cccc(Nc2cccc(OC)c2)c1,COc1cccc(Br)c1,COc1cccc(N)c1,,,,
Cc1ccc(Nc2cncc(Cl)n2)cc1,Clc1cncc(Br)n1,Cc1ccc(N)cc1,Cc1ccc(Br)cc1,Nc1cncc(Cl)n1,,
Cn1cnc2cc(Nc3ccccc3)ccc21,Brc1ccccc1,Cn1cnc2cc(N)ccc21,Cn1cnc2cc(Br)ccc21,Nc1ccccc1,,
CNC(=O)Nc1ccc(Nc2ccccc2)cc1,Brc1ccccc1,CNC(=O)Nc1ccc(N)cc1,CNC(=O)Nc1ccc(Br)cc1,Nc1ccccc1,,
CC(=O)c1cnc(Nc2ccccc2)s1,Brc1ccccc1,CC(=O)c1cnc(N)s1,CC(=O)c1cnc(Br)s1,Nc1ccccc1,,
CCc1ccc(Nc2nnc(S)s2)cc1,Sc1nnc(Br)s1,CCc1ccc(N)cc1,CCc1ccc(Br)cc1,Nc1nnc(S)s1,,
Cc1ccc(Nc2nnc(S)s2)cc1C,Sc1nnc(Br)s1,Cc1ccc(N)cc1C,Cc1ccc(Br)cc1C,Nc1nnc(S)s1,,
Fc1cccc(Nc2ccnc(Cl)n2)c1,Clc1nccc(Br)n1,Nc1cccc(F)c1,Fc1cccc(Br)c1,Nc1ccnc(Cl)n1,,
CC(=O)c1nc(Nc2ccccc2)sc1C,Brc1ccccc1,CC(=O)c1nc(N)sc1C,CC(=O)c1nc(Br)sc1C,Nc1ccccc1,,
CCOC(=O)c1cccnc1Nc1ccccc1,Brc1ccccc1,CCOC(=O)c1cccnc1N,CCOC(=O)c1cccnc1Br,Nc1ccccc1,,
CC(=O)c1sc(Nc2ccccc2)nc1C,Brc1ccccc1,CC(=O)c1sc(N)nc1C,CC(=O)c1sc(Br)nc1C,Nc1ccccc1,,
Cc1cc(Cl)nc(Nc2ccccc2)n1,Brc1ccccc1,Cc1cc(Cl)nc(N)n1,Cc1cc(Cl)nc(Br)n1,Nc1ccccc1,,
CCOC(=O)c1csc(Nc2ccccc2)n1,Brc1ccccc1,CCOC(=O)c1csc(N)n1,CCOC(=O)c1csc(Br)n1,Nc1ccccc1,,
COC(=O)c1ccccc1Nc1ccccc1,Brc1ccccc1,COC(=O)c1ccccc1N,COC(=O)c1ccccc1Br,Nc1ccccc1,,
CCOC(=O)c1cnc(Nc2ccccc2)s1,Brc1ccccc1,CCOC(=O)c1cnc(N)s1,CCOC(=O)c1cnc(Br)s1,Nc1ccccc1,,
COc1cc(C)ccc1Nc1nccs1,Brc1nccs1,COc1cc(C)ccc1N,COc1cc(C)ccc1Br,Nc1nccs1,,
c1ccc(Nc2nnns2)cc1,Brc1nnns1,Nc1ccccc1,Brc1ccccc1,Nc1nnns1,,
Cc1csc(Nc2ccc(C#N)cc2)n1,N#Cc1ccc(Br)cc1,Cc1csc(N)n1,Cc1csc(Br)n1,N#Cc1ccc(N)cc1,,
COCc1ccccc1Nc1ccccc1C#N,N#Cc1ccccc1Br,COCc1ccccc1N,COCc1ccccc1Br,N#Cc1ccccc1N,,
N#Cc1ccccc1Nc1ccccc1C#N,N#Cc1ccccc1Br,N#Cc1ccccc1N,,,,
COc1ccc(Nc2cccc(C#N)c2)cc1,N#Cc1cccc(Br)c1,COc1ccc(N)cc1,COc1ccc(Br)cc1,N#Cc1cccc(N)c1,,
Cc1nsc(Nc2ccccc2)c1C#N,Brc1ccccc1,Cc1nsc(N)c1C#N,Cc1nsc(Br)c1C#N,Nc1ccccc1,,
c1ccc(Nc2nccs2)nc1,Brc1nccs1,Nc1ccccn1,Brc1ccccn1,Nc1nccs1,,
Cc1cc(Nc2ccccc2)nn1C,Brc1ccccc1,Cc1cc(N)nn1C,Cc1cc(Br)nn1C,Nc1ccccc1,,
Fc1ccc(Nc2cn[nH]c2)cc1,Brc1cn[nH]c1,Nc1ccc(F)cc1,Fc1ccc(Br)cc1,Nc1cn[nH]c1,,
c1ccc(Nc2ncc[nH]2)cc1,Brc1ncc[nH]1,Nc1ccccc1,Brc1ccccc1,Nc1ncc[nH]1,,
c1ccc(Nc2cnccn2)cc1,Brc1cnccn1,Nc1ccccc1,Brc1ccccc1,Nc1cnccn1,,
c1ccc(Nc2nncs2)cc1,Brc1nncs1,Nc1ccccc1,Brc1ccccc1,Nc1nncs1,,
c1ccc(Nc2ccccn2)nc1,Brc1ccccn1,Nc1ccccn1,,,,
c1ccc(Nc2cccnc2)nc1,Brc1cccnc1,Nc1ccccn1,Brc1ccccn1,Nc1cccnc1,,
c1ccc(Nc2ncccn2)cc1,Brc1ncccn1,Nc1ccccc1,Brc1ccccc1,Nc1ncccn1,,
c1ccc(Nc2ccncn2)cc1,Brc1ccncn1,Nc1ccccc1,Brc1ccccc1,Nc1ccncn1,,
CCOc1ccc(Nc2nc(C)c(C)s2)cc1,Cc1nc(Br)sc1C,CCOc1ccc(N)cc1,CCOc1ccc(Br)cc1,Cc1nc(N)sc1C,,
Fc1ccc(Nc2ccc(Cl)nc2)cc1,Clc1ccc(Br)cn1,Nc1ccc(F)cc1,Fc1ccc(Br)cc1,Nc1ccc(Cl)nc1,,
COc1ccc(Nc2ccccc2)c(C)c1,Brc1ccccc1,COc1ccc(N)c(C)c1,COc1ccc(Br)c(C)c1,Nc1ccccc1,,
Brc1ccc(Nc2ccccc2)nc1,Nc1ccc(Br)cn1,Brc1ccccc1,Brc1ccc(Br)nc1,Nc1ccccc1,,
CCOC(=O)c1cccc(Nc2ccccc2)c1,Brc1ccccc1,CCOC(=O)c1cccc(N)c1,CCOC(=O)c1cccc(Br)c1,Nc1ccccc1,,
c1ccc(Nc2ccc3ccccc3n2)cc1,Brc1ccc2ccccc2n1,Nc1ccccc1,Brc1ccccc1,Nc1ccc2ccccc2n1,,
CC(=O)c1cccc(Nc2ccccc2)c1,Brc1ccccc1,CC(=O)c1cccc(N)c1,CC(=O)c1cccc(Br)c1,Nc1ccccc1,,
c1ccc(Nc2nccn2-c2ccccc2)cc1,Brc1nccn1-c1ccccc1,Nc1ccccc1,Brc1ccccc1,Nc1nccn1-c1ccccc1,,
c1ccc(Nc2cnc3ccccc3c2)cc1,Brc1cnc2ccccc2c1,Nc1ccccc1,Brc1ccccc1,Nc1cnc2ccccc2c1,,
CCOC(=O)c1ccc(Nc2ccccc2)cc1,Brc1ccccc1,CCOC(=O)c1ccc(N)cc1,CCOC(=O)c1ccc(Br)cc1,Nc1ccccc1,,
c1ccc(Nc2nccc3ccccc23)cc1,Brc1nccc2ccccc12,Nc1ccccc1,Brc1ccccc1,Nc1nccc2ccccc12,,
Cc1ccc(Nc2cc(C)nc(Cl)n2)c(C)c1,Cc1cc(Br)nc(Cl)n1,Cc1ccc(N)c(C)c1,Cc1ccc(Br)c(C)c1,Cc1cc(N)nc(Cl)n1,,
Brc1cccnc1Nc1ccccc1,Nc1ncccc1Br,Brc1ccccc1,Brc1cccnc1Br,Nc1ccccc1,,
COc1cc(C)ccc1Nc1ccccc1,Brc1ccccc1,COc1cc(C)ccc1N,COc1cc(C)ccc1Br,Nc1ccccc1,,
COc1ccc(Nc2ccc(C)cc2)cc1,Cc1ccc(Br)cc1,COc1ccc(N)cc1,COc1ccc(Br)cc1,Cc1ccc(N)cc1,,
COc1ccc(Nc2ccc([N+]#N)cc2)cc1,N#[N+]c1ccc(Br)cc1,COc1ccc(N)cc1,COc1ccc(Br)cc1,N#[N+]c1ccc(N)cc1,,
Cc1cc(C)nc(Nc2cccc3ccccc23)n1,Brc1cccc2ccccc12,Cc1cc(C)nc(N)n1,Cc1cc(C)nc(Br)n1,Nc1cccc2ccccc12,,
CC(=O)c1ccc(Nc2ccccc2)cc1,Brc1ccccc1,CC(=O)c1ccc(N)cc1,CC(=O)c1ccc(Br)cc1,Nc1ccccc1,,
Brc1cccc(Nc2ccccc2)n1,Nc1cccc(Br)n1,Brc1ccccc1,Brc1cccc(Br)n1,Nc1ccccc1,,
Brc1cncc(Nc2ccccc2)c1,Nc1cncc(Br)c1,Brc1ccccc1,Brc1cncc(Br)c1,Nc1ccccc1,,
Cc1cccc(C)c1Nc1nccs1,Brc1nccs1,Cc1cccc(C)c1N,Cc1cccc(C)c1Br,Nc1nccs1,,
Cc1cccc(C)c1Nc1nc2ccccc2[nH]1,Brc1nc2ccccc2[nH]1,Cc1cccc(C)c1N,Cc1cccc(C)c1Br,Nc1nc2ccccc2[nH]1,,
c1ccc(Nc2ccncc2)cc1,Brc1ccncc1,Nc1ccccc1,Brc1ccccc1,Nc1ccncc1,,
c1ccc(Nc2cccnc2)cc1,Brc1cccnc1,Nc1ccccc1,Brc1ccccc1,Nc1cccnc1,,
Cc1cc(C)nc(Nc2ccccc2)n1,Brc1ccccc1,Cc1cc(C)nc(N)n1,Cc1cc(C)nc(Br)n1,Nc1ccccc1,,
c1ccc(Nc2ccccn2)cc1,Brc1ccccn1,Nc1ccccc1,Brc1ccccc1,Nc1ccccn1,,
Cc1ccc(Nc2cnns2)cc1,Brc1cnns1,Cc1ccc(N)cc1,Cc1ccc(Br)cc1,Nc1cnns1,,
Cc1ccc(Nc2ncccn2)cc1,Brc1ncccn1,Cc1ccc(N)cc1,Cc1ccc(Br)cc1,Nc1ncccn1,,
Cc1cccc(Nc2cccc(C)n2)n1,Cc1cccc(Br)n1,Cc1cccc(N)n1,,,,
Cc1cc(Nc2ccccc2)ncn1,Brc1ccccc1,Cc1cc(N)ncn1,Cc1cc(Br)ncn1,Nc1ccccc1,,
Cc1ccnc(Nc2cc(C)ccn2)c1,Cc1ccnc(Br)c1,Cc1ccnc(N)c1,,,,
Fc1ccc(Nc2ccccn2)cc1,Brc1ccccn1,Nc1ccc(F)cc1,Fc1ccc(Br)cc1,Nc1ccccn1,,
c1ccc(Nc2nccs2)cc1,Brc1nccs1,Nc1ccccc1,Brc1ccccc1,Nc1nccs1,,
Cc1cccnc1Nc1ncccc1C,Cc1cccnc1Br,Cc1cccnc1N,,,,
N#Cc1ccc(Nc2ccncc2)cc1,Brc1ccncc1,N#Cc1ccc(N)cc1,N#Cc1ccc(Br)cc1,Nc1ccncc1,,
Cc1ccccc1Nc1ccccc1C#N,N#Cc1ccccc1Br,Cc1ccccc1N,Cc1ccccc1Br,N#Cc1ccccc1N,,
c1ccc(Nc2ccccc2)cc1,Brc1ccccc1,Nc1ccccc1,,,,
Cc1csc(Nc2ccccc2)n1,Brc1ccccc1,Cc1csc(N)n1,Cc1csc(Br)n1,Nc1ccccc1,,
Fc1cccc(Nc2nccs2)c1,Brc1nccs1,Nc1cccc(F)c1,Fc1cccc(Br)c1,Nc1nccs1,,
COc1ccc(Nc2ccccc2)cc1,Brc1ccccc1,COc1ccc(N)cc1,COc1ccc(Br)cc1,Nc1ccccc1,,
COc1cccc(Nc2ccccc2)c1,Brc1ccccc1,COc1cccc(N)c1,COc1cccc(Br)c1,Nc1ccccc1,,
N#Cc1ccc(Nc2ccccc2)cc1,Brc1ccccc1,N#Cc1ccc(N)cc1,N#Cc1ccc(Br)cc1,Nc1ccccc1,,
Fc1cccc(Nc2ccccc2)c1,Brc1ccccc1,Nc1cccc(F)c1,Fc1cccc(Br)c1,Nc1ccccc1,,
Cc1ccc(Nc2ccccc2)cc1,Brc1ccccc1,Cc1ccc(N)cc1,Cc1ccc(Br)cc1,Nc1ccccc1,,
N#[N+]c1ccc(Nc2ccccc2)cc1,Brc1ccccc1,N#[N+]c1ccc(N)cc1,N#[N+]c1ccc(Br)cc1,Nc1ccccc1,,
Fc1ccccc1Nc1ccccc1,Brc1ccccc1,Nc1ccccc1F,Fc1ccccc1Br,Nc1ccccc1,,
Fc1ccc(Nc2ccccc2)cc1,Brc1ccccc1,Nc1ccc(F)cc1,Fc1ccc(Br)cc1,Nc1ccccc1,,
Cc1ccccc1Nc1ccccc1,Brc1ccccc1,Cc1ccccc1N,Cc1ccccc1Br,Nc1ccccc1,,
Cc1cccc(Nc2ccccc2)c1,Brc1ccccc1,Cc1cccc(N)c1,Cc1cccc(Br)c1,Nc1ccccc1,,
Cn1cc(Nc2ccc(=O)n(C)c2)ccc1=O,Cn1cc(Br)ccc1=O,Cn1cc(N)ccc1=O,,,,
N#Cc1ccc(Nc2nccc(=O)[nH]2)cc1,O=c1ccnc(Br)[nH]1,N#Cc1ccc(N)cc1,N#Cc1ccc(Br)cc1,Nc1nccc(=O)[nH]1,,
COc1nn(C)cc1Nc1nc(F)nc2[nH]cnc12,Fc1nc(Br)c2nc[nH]c2n1,COc1nn(C)cc1N,COc1nn(C)cc1Br,Nc1nc(F)nc2[nH]cnc12,,
CCOC(=O)c1ncsc1Nc1cccnc1,Brc1cccnc1,CCOC(=O)c1ncsc1N,CCOC(=O)c1ncsc1Br,Nc1cccnc1,,
COc1nsc(Nc2ccccc2)n1,Brc1ccccc1,COc1nsc(N)n1,COc1nsc(Br)n1,Nc1ccccc1,,
Cc1nc(Nc2ccc(F)cc2)[nH]c(=O)c1C,Fc1ccc(Br)cc1,Cc1nc(N)[nH]c(=O)c1C,Cc1nc(Br)[nH]c(=O)c1C,Nc1ccc(F)cc1,,
Fc1ccc(Nc2ncnc3[nH]cnc23)cc1,Brc1ncnc2[nH]cnc12,Nc1ccc(F)cc1,Fc1ccc(Br)cc1,Nc1ncnc2[nH]cnc12,,
COc1ccc(Nc2cnccn2)cc1,Brc1cnccn1,COc1ccc(N)cc1,COc1ccc(Br)cc1,Nc1cnccn1,,
CC(=O)c1sc(Nc2ncccn2)nc1C,Brc1ncccn1,CC(=O)c1sc(N)nc1C,CC(=O)c1sc(Br)nc1C,Nc1ncccn1,,
c1ccc(Nc2ncnc3[nH]cnc23)cc1,Brc1ncnc2[nH]cnc12,Nc1ccccc1,Brc1ccccc1,Nc1ncnc2[nH]cnc12,,
COc1ccccc1Nc1nc(C)c(C)c(=O)[nH]1,Cc1nc(Br)[nH]c(=O)c1C,COc1ccccc1N,COc1ccccc1Br,Cc1nc(N)[nH]c(=O)c1C,,
Cc1cc(Nc2ccccc2)cc(=O)n1C,Brc1ccccc1,Cc1cc(N)cc(=O)n1C,Cc1cc(Br)cc(=O)n1C,Nc1ccccc1,,
Cc1ccc(Nc2nc(C)c(C)c(=O)[nH]2)cc1,Cc1nc(Br)[nH]c(=O)c1C,Cc1ccc(N)cc1,Cc1ccc(Br)cc1,Cc1nc(N)[nH]c(=O)c1C,,
CC(=O)c1cnc(Nc2ccco2)nc1C,Brc1ccco1,CC(=O)c1cnc(N)nc1C,CC(=O)c1cnc(Br)nc1C,Nc1ccco1,,
Clc1nccc(Nc2cc(C3CC3)[nH]n2)n1,Brc1cc(C2CC2)[nH]n1,Nc1ccnc(Cl)n1,Clc1nccc(Br)n1,Nc1cc(C2CC2)[nH]n1,,
Cc1nc(Nc2ccccc2)[nH]c(=O)c1C,Brc1ccccc1,Cc1nc(N)[nH]c(=O)c1C,Cc1nc(Br)[nH]c(=O)c1C,Nc1ccccc1,,
COc1ccc(Nc2nc(C)c(C)c(=O)[nH]2)cc1,Cc1nc(Br)[nH]c(=O)c1C,COc1ccc(N)cc1,COc1ccc(Br)cc1,Cc1nc(N)[nH]c(=O)c1C,,
Cc1cc(=O)[nH]c(Nc2cccc(C)c2C)n1,Cc1cccc(Br)c1C,Cc1cc(=O)[nH]c(N)n1,Cc1cc(=O)[nH]c(Br)n1,Cc1cccc(N)c1C,,
COC(=O)c1ccsc1Nc1c(OC)c(=O)c1=O,COc1c(Br)c(=O)c1=O,COC(=O)c1ccsc1N,COC(=O)c1ccsc1Br,COc1c(N)c(=O)c1=O,,
Cc1ccc(Nc2cccc(C#N)n2)nc1,N#Cc1cccc(Br)n1,Cc1ccc(N)nc1,Cc1ccc(Br)nc1,N#Cc1cccc(N)n1,,
N#Cc1ccnc(Nc2ccc3c(c2)OCO3)c1,Brc1ccc2c(c1)OCO2,N#Cc1ccnc(N)c1,N#Cc1ccnc(Br)c1,Nc1ccc2c(c1)OCO2,,
Clc1cccc(Nc2cccnc2)n1,Brc1cccnc1,Nc1cccc(Cl)n1,Clc1cccc(Br)n1,Nc1cccnc1,,
Fc1cccc(Nc2nnc(S)s2)c1,Sc1nnc(Br)s1,Nc1cccc(F)c1,Fc1cccc(Br)c1,Nc1nnc(S)s1,,
Cc1ccc(Nc2nnc(S)s2)cc1,Sc1nnc(Br)s1,Cc1ccc(N)cc1,Cc1ccc(Br)cc1,Nc1nnc(S)s1,,
Cc1csc(Nc2ccc(C(N)=S)cc2)n1,NC(=S)c1ccc(Br)cc1,Cc1csc(N)n1,Cc1csc(Br)n1,NC(=S)c1ccc(N)cc1,,
CCOC(=O)c1c(C)n[nH]c1Nc1ccccc1,Brc1ccccc1,CCOC(=O)c1c(C)n[nH]c1N,CCOC(=O)c1c(C)n[nH]c1Br,Nc1ccccc1,,
Fc1ccccc1Nc1nnc(S)s1,Sc1nnc(Br)s1,Nc1ccccc1F,Fc1ccccc1Br,Nc1nnc(S)s1,,
Sc1nnc(Nc2ccccc2)s1,Brc1ccccc1,Nc1nnc(S)s1,Sc1nnc(Br)s1,Nc1ccccc1,,
CCOc1ccccc1Nc1n[nH]c(=S)[nH]1,S=c1[nH]nc(Br)[nH]1,CCOc1ccccc1N,CCOc1ccccc1Br,Nc1n[nH]c(=S)[nH]1,,
CC(=O)c1sc(Nc2ccccn2)nc1C,Brc1ccccn1,CC(=O)c1sc(N)nc1C,CC(=O)c1sc(Br)nc1C,Nc1ccccn1,,
O=c1[nH]c(Nc2cccnc2)cc2ccccc12,Brc1cccnc1,Nc1cc2ccccc2c(=O)[nH]1,O=c1[nH]c(Br)cc2ccccc12,Nc1cccnc1,,
Cc1cccc(Nc2nc(C)c(C)c(=O)[nH]2)c1C,Cc1nc(Br)[nH]c(=O)c1C,Cc1cccc(N)c1C,Cc1cccc(Br)c1C,Cc1nc(N)[nH]c(=O)c1C,,
Cc1ccccc1Nc1nnc(S)s1,Sc1nnc(Br)s1,Cc1ccccc1N,Cc1ccccc1Br,Nc1nnc(S)s1,,
Cc1nnc(Nc2ccc(F)cc2)s1,Fc1ccc(Br)cc1,Cc1nnc(N)s1,Cc1nnc(Br)s1,Nc1ccc(F)cc1,,
COc1ccccc1Nc1nnc(S)s1,Sc1nnc(Br)s1,COc1ccccc1N,COc1ccccc1Br,Nc1nnc(S)s1,,
Fc1ccc(Nc2nnc(S)s2)cc1,Sc1nnc(Br)s1,Nc1ccc(F)cc1,Fc1ccc(Br)cc1,Nc1nnc(S)s1,,
Clc1ccnc(Nc2ccccn2)c1,Brc1ccccn1,Nc1cc(Cl)ccn1,Clc1ccnc(Br)c1,Nc1ccccn1,,
Cc1cc(Nc2nc(Cl)ncc2Cl)n[nH]1,Clc1ncc(Cl)c(Br)n1,Cc1cc(N)n[nH]1,Cc1cc(Br)n[nH]1,Nc1nc(Cl)ncc1Cl,,
COc1ccccc1Nc1nc(C)cc(C)n1,Cc1cc(C)nc(Br)n1,COc1ccccc1N,COc1ccccc1Br,Cc1cc(C)nc(N)n1,,
Clc1nc(Nc2ccccc2)c2nc[nH]c2n1,Brc1ccccc1,Nc1nc(Cl)nc2[nH]cnc12,Clc1nc(Br)c2nc[nH]c2n1,Nc1ccccc1,,
Cc1ccc(Nc2nc(C)c(C)c(=O)[nH]2)cc1C,Cc1nc(Br)[nH]c(=O)c1C,Cc1ccc(N)cc1C,Cc1ccc(Br)cc1C,Cc1nc(N)[nH]c(=O)c1C,,
Clc1nc(Cl)nc(Nc2ccccc2)n1,Brc1ccccc1,Nc1nc(Cl)nc(Cl)n1,Clc1nc(Cl)nc(Br)n1,Nc1ccccc1,,
COc1cccc(Nc2nnc(S)s2)c1,Sc1nnc(Br)s1,COc1cccc(N)c1,COc1cccc(Br)c1,Nc1nnc(S)s1,,
Clc1cncc(Nc2ccccc2)n1,Brc1ccccc1,Nc1cncc(Cl)n1,Clc1cncc(Br)n1,Nc1ccccc1,,
Clc1nccc(Nc2ccccc2)n1,Brc1ccccc1,Nc1ccnc(Cl)n1,Clc1nccc(Br)n1,Nc1ccccc1,,
COc1ccc(Nc2nnc(C)s2)cc1,Cc1nnc(Br)s1,COc1ccc(N)cc1,COc1ccc(Br)cc1,Cc1nnc(N)s1,,
Clc1ccc(Nc2ccccc2)nn1,Brc1ccccc1,Nc1ccc(Cl)nn1,Clc1ccc(Br)nn1,Nc1ccccc1,,
Cc1cccc(Nc2nnc(S)s2)c1,Sc1nnc(Br)s1,Cc1cccc(N)c1,Cc1cccc(Br)c1,Nc1nnc(S)s1,,
COC(=O)c1ncsc1Nc1ccccc1,Brc1ccccc1,COC(=O)c1ncsc1N,COC(=O)c1ncsc1Br,Nc1ccccc1,,
COc1ccc(Nc2n[nH]c(=S)s2)cc1,S=c1[nH]nc(Br)s1,COc1ccc(N)cc1,COc1ccc(Br)cc1,Nc1n[nH]c(=S)s1,,
COc1ccc(Nc2cc(C)ncn2)cc1,Cc1cc(Br)ncn1,COc1ccc(N)cc1,COc1ccc(Br)cc1,Cc1cc(N)ncn1,,
Clc1cc(Nc2ccccc2)ncn1,Brc1ccccc1,Nc1cc(Cl)ncn1,Clc1cc(Br)ncn1,Nc1ccccc1,,
Cc1ccc(Nc2nc(C)c(C)c(=O)[nH]2)c(C)c1,Cc1nc(Br)[nH]c(=O)c1C,Cc1ccc(N)c(C)c1,Cc1ccc(Br)c(C)c1,Cc1nc(N)[nH]c(=O)c1C,,
COc1cccc(Nc2cccnc2)c1,Brc1cccnc1,COc1cccc(N)c1,COc1cccc(Br)c1,Nc1cccnc1,,
CCOC(=O)c1cnc(Nc2nc3ccccc3[nH]2)[nH]c1=O,Brc1nc2ccccc2[nH]1,CCOC(=O)c1cnc(N)[nH]c1=O,CCOC(=O)c1cnc(Br)[nH]c1=O,Nc1nc2ccccc2[nH]1,,
CC(=O)c1ccc(Nc2c(C)n(C)n(-c3ccccc3)c2=O)cc1,Cc1c(Br)c(=O)n(-c2ccccc2)n1C,CC(=O)c1ccc(N)cc1,CC(=O)c1ccc(Br)cc1,Cc1c(N)c(=O)n(-c2ccccc2)n1C,,
CC(C)S(=O)(=O)c1ccccc1Nc1ccnc(Cl)n1,Clc1nccc(Br)n1,CC(C)S(=O)(=O)c1ccccc1N,CC(C)S(=O)(=O)c1ccccc1Br,Nc1ccnc(Cl)n1,,
COC(=O)c1ccc(C)c(Nc2nccc(-c3cccnc3)n2)c1,Brc1nccc(-c2cccnc2)n1,COC(=O)c1ccc(C)c(N)c1,COC(=O)c1ccc(C)c(Br)c1,Nc1nccc(-c2cccnc2)n1,,
CC(C)(C)OC(=O)N1CCc2[nH]nc(Nc3ccccc3)c2C1,Brc1ccccc1,CC(C)(C)OC(=O)N1CCc2[nH]nc(N)c2C1,CC(C)(C)OC(=O)N1CCc2[nH]nc(Br)c2C1,Nc1ccccc1,,
COC(=O)c1cnc(Nc2cc(Cl)nc(C)n2)s1,Cc1nc(Cl)cc(Br)n1,COC(=O)c1cnc(N)s1,COC(=O)c1cnc(Br)s1,Cc1nc(N)cc(Cl)n1,,
Brc1cnc(Nc2ccncc2)nc1,Nc1ncc(Br)cn1,Brc1ccncc1,Brc1cnc(Br)nc1,Nc1ccncc1,,
COc1cc2ncnc(Nc3cccc(C#N)c3)c2cc1OC,N#Cc1cccc(Br)c1,COc1cc2ncnc(N)c2cc1OC,COc1cc2ncnc(Br)c2cc1OC,N#Cc1cccc(N)c1,,
Cc1nc(Nc2ccc(Oc3ccccc3)cc2)[nH]c(=O)c1C,Brc1ccc(Oc2ccccc2)cc1,Cc1nc(N)[nH]c(=O)c1C,Cc1nc(Br)[nH]c(=O)c1C,Nc1ccc(Oc2ccccc2)cc1,,
COc1ccc(OCc2nnc(Nc3ccccc3)s2)cc1,Brc1ccccc1,COc1ccc(OCc2nnc(N)s2)cc1,COc1ccc(OCc2nnc(Br)s2)cc1,Nc1ccccc1,,
CCOc1ccccc1Nc1nnc(S)s1,Sc1nnc(Br)s1,CCOc1ccccc1N,CCOc1ccccc1Br,Nc1nnc(S)s1,,
CCOC(=O)c1c(C)n[nH]c1Nc1ccc(OC)cc1,COc1ccc(Br)cc1,CCOC(=O)c1c(C)n[nH]c1N,CCOC(=O)c1c(C)n[nH]c1Br,COc1ccc(N)cc1,,
CCc1ccc(Nc2nc(C)c(CC)c(=O)[nH]2)cc1,CCc1c(C)nc(Br)[nH]c1=O,CCc1ccc(N)cc1,CCc1ccc(Br)cc1,CCc1c(C)nc(N)[nH]c1=O,,
Brc1ccnc(Nc2ccccn2)c1,Nc1cc(Br)ccn1,Brc1ccccn1,Brc1ccnc(Br)c1,Nc1ccccn1,,
COC(=O)c1ccc(Nc2nccc(Cl)n2)cc1,Clc1ccnc(Br)n1,COC(=O)c1ccc(N)cc1,COC(=O)c1ccc(Br)cc1,Nc1nccc(Cl)n1,,
Cn1ncc2c(Nc3ccccc3)nc(Cl)nc21,Brc1ccccc1,Cn1ncc2c(N)nc(Cl)nc21,Cn1ncc2c(Br)nc(Cl)nc21,Nc1ccccc1,,
COc1ccc(Nc2nc(Cl)nc3c2cnn3C)cc1,Cn1ncc2c(Br)nc(Cl)nc21,COc1ccc(N)cc1,COc1ccc(Br)cc1,Cn1ncc2c(N)nc(Cl)nc21,,
COc1ccccc1Nc1ncc(Br)cn1,Brc1cnc(Br)nc1,COc1ccccc1N,Nc1ncc(Br)cn1,COc1ccccc1Br,,
COc1cccc(Nc2nc(Cl)nc3[nH]cnc23)c1,Clc1nc(Br)c2nc[nH]c2n1,COc1cccc(N)c1,COc1cccc(Br)c1,Nc1nc(Cl)nc2[nH]cnc12,,
COc1ccc(C)cc1Nc1nnc(S)s1,Sc1nnc(Br)s1,COc1ccc(C)cc1N,COc1ccc(C)cc1Br,Nc1nnc(S)s1,,
COc1cnc(Cl)nc1Nc1ccc2cn[nH]c2c1,Brc1ccc2cn[nH]c2c1,COc1cnc(Cl)nc1N,COc1cnc(Cl)nc1Br,Nc1ccc2cn[nH]c2c1,,
COc1ccc(Nc2ccnc(Cl)n2)c(OC)c1,Clc1nccc(Br)n1,COc1ccc(N)c(OC)c1,COc1ccc(Br)c(OC)c1,Nc1ccnc(Cl)n1,,
COc1ccc(Nc2cc(Cl)ncn2)c(OC)c1,Clc1cc(Br)ncn1,COc1ccc(N)c(OC)c1,COc1ccc(Br)c(OC)c1,Nc1cc(Cl)ncn1,,
Brc1cnc(Nc2ccccc2)nc1,Nc1ncc(Br)cn1,Brc1ccccc1,Brc1cnc(Br)nc1,Nc1ccccc1,,
CCOc1ccc(Nc2nc(C)c(C)c(=O)[nH]2)cc1,Cc1nc(Br)[nH]c(=O)c1C,CCOc1ccc(N)cc1,CCOc1ccc(Br)cc1,Cc1nc(N)[nH]c(=O)c1C,,
COC(=O)c1cnc(Nc2cccc(C)c2)nc1C,Cc1cccc(Br)c1,COC(=O)c1cnc(N)nc1C,COC(=O)c1cnc(Br)nc1C,Cc1cccc(N)c1,,
CC1(C)OB(c2cnc(Nc3ccccc3)nc2)OC1(C)C,Brc1ccccc1,CC1(C)OB(c2cnc(N)nc2)OC1(C)C,CC1(C)OB(c2cnc(Br)nc2)OC1(C)C,Nc1ccccc1,,
N#Cc1cccc(Nc2nc(Cl)nc(Cl)n2)c1,Clc1nc(Cl)nc(Br)n1,N#Cc1cccc(N)c1,N#Cc1cccc(Br)c1,Nc1nc(Cl)nc(Cl)n1,,
CCOC(=O)c1csc(Nc2ccc(OC)cc2)n1,COc1ccc(Br)cc1,CCOC(=O)c1csc(N)n1,CCOC(=O)c1csc(Br)n1,COc1ccc(N)cc1,,
Cc1ccc(Nc2ncc(Br)cn2)cc1,Brc1cnc(Br)nc1,Cc1ccc(N)cc1,Nc1ncc(Br)cn1,Cc1ccc(Br)cc1,,
CCOC(=O)c1sc(Nc2ccccc2)nc1C,Brc1ccccc1,CCOC(=O)c1sc(N)nc1C,CCOC(=O)c1sc(Br)nc1C,Nc1ccccc1,,
COC(=O)c1cc2c(ncn2C)c(F)c1Nc1ccccc1,Brc1ccccc1,COC(=O)c1cc2c(ncn2C)c(F)c1N,COC(=O)c1cc2c(ncn2C)c(F)c1Br,Nc1ccccc1,,
CC1(c2cccc(Nc3ccnc(Cl)n3)c2)OCCO1,Clc1nccc(Br)n1,CC1(c2cccc(N)c2)OCCO1,CC1(c2cccc(Br)c2)OCCO1,Nc1ccnc(Cl)n1,,
CCOC(=O)c1cnc(Nc2ccc(C)cc2)nc1C,Cc1ccc(Br)cc1,CCOC(=O)c1cnc(N)nc1C,CCOC(=O)c1cnc(Br)nc1C,Cc1ccc(N)cc1,,
Cc1c2ccc(Nc3ccnc(Cl)n3)cc2nn1C,Clc1nccc(Br)n1,Cc1c2ccc(N)cc2nn1C,Cc1c2ccc(Br)cc2nn1C,Nc1ccnc(Cl)n1,,
CCOc1ccc(Nc2n[nH]c(=S)s2)cc1,S=c1[nH]nc(Br)s1,CCOc1ccc(N)cc1,CCOc1ccc(Br)cc1,Nc1n[nH]c(=S)s1,,
Cc1cc(Nc2ccc(Cl)nn2)n(-c2ccccc2)n1,Clc1ccc(Br)nn1,Cc1cc(N)n(-c2ccccc2)n1,Cc1cc(Br)n(-c2ccccc2)n1,Nc1ccc(Cl)nn1,,
COc1ccc(OC)c(Nc2nc(C)c(C(C)=O)s2)c1,CC(=O)c1sc(Br)nc1C,COc1ccc(OC)c(N)c1,COc1ccc(OC)c(Br)c1,CC(=O)c1sc(N)nc1C,,
Cc1cc(F)cc(Nc2ncc(Br)cn2)c1,Brc1cnc(Br)nc1,Cc1cc(N)cc(F)c1,Nc1ncc(Br)cn1,Cc1cc(F)cc(Br)c1,,
c1ccc(Nc2nnc(-c3cccnc3)s2)cc1,Brc1nnc(-c2cccnc2)s1,Nc1ccccc1,Brc1ccccc1,Nc1nnc(-c2cccnc2)s1,,
Fc1cccc(Nc2ncc(Br)cn2)c1,Brc1cnc(Br)nc1,Nc1cccc(F)c1,Nc1ncc(Br)cn1,Fc1cccc(Br)c1,,
Fc1ccc(Nc2nc(Cl)nc(Cl)n2)cc1,Clc1nc(Cl)nc(Br)n1,Nc1ccc(F)cc1,Fc1ccc(Br)cc1,Nc1nc(Cl)nc(Cl)n1,,
COc1cc2ncnc(Nc3ccccc3)c2cc1OC,Brc1ccccc1,COc1cc2ncnc(N)c2cc1OC,COc1cc2ncnc(Br)c2cc1OC,Nc1ccccc1,,
CCOC(=O)c1ncsc1Nc1ccc(C)cc1,Cc1ccc(Br)cc1,CCOC(=O)c1ncsc1N,CCOC(=O)c1ncsc1Br,Cc1ccc(N)cc1,,
Cc1cc(Cl)nc(Nc2nc3ccccc3[nH]2)n1,Brc1nc2ccccc2[nH]1,Cc1cc(Cl)nc(N)n1,Cc1cc(Cl)nc(Br)n1,Nc1nc2ccccc2[nH]1,,
COC(=O)c1ccc(Nc2ccc(C(=O)OC)cc2)cc1,COC(=O)c1ccc(Br)cc1,COC(=O)c1ccc(N)cc1,,,,
N#Cc1ccc(Nc2nc(Cl)cc(Cl)n2)cc1,Clc1cc(Cl)nc(Br)n1,N#Cc1ccc(N)cc1,N#Cc1ccc(Br)cc1,Nc1nc(Cl)cc(Cl)n1,,
CCOC(=O)c1ccc(Nc2cccc(C#N)c2)cc1,N#Cc1cccc(Br)c1,CCOC(=O)c1ccc(N)cc1,CCOC(=O)c1ccc(Br)cc1,N#Cc1cccc(N)c1,,
CCc1cccc(CC)c1Nc1nnc(S)s1,Sc1nnc(Br)s1,CCc1cccc(CC)c1N,CCc1cccc(CC)c1Br,Nc1nnc(S)s1,,
CC(C)Oc1ccc(Nc2ccnc(Cl)n2)cc1,Clc1nccc(Br)n1,CC(C)Oc1ccc(N)cc1,CC(C)Oc1ccc(Br)cc1,Nc1ccnc(Cl)n1,,
Brc1cnc(Nc2ccccc2)s1,Nc1ncc(Br)s1,Brc1ccccc1,Brc1cnc(Br)s1,Nc1ccccc1,,
CSc1cccc(Nc2ccnc(Cl)n2)c1,Clc1nccc(Br)n1,CSc1cccc(N)c1,CSc1cccc(Br)c1,Nc1ccnc(Cl)n1,,
CCOc1ccc(Nc2cc(C)nc(Cl)n2)cc1,Cc1cc(Br)nc(Cl)n1,CCOc1ccc(N)cc1,CCOc1ccc(Br)cc1,Cc1cc(N)nc(Cl)n1,,
CCCCc1ccc(Nc2nnc(S)s2)cc1,Sc1nnc(Br)s1,CCCCc1ccc(N)cc1,CCCCc1ccc(Br)cc1,Nc1nnc(S)s1,,
c1ccc(Nc2nc(-c3ccccc3)ns2)cc1,Brc1nc(-c2ccccc2)ns1,Nc1ccccc1,Brc1ccccc1,Nc1nc(-c2ccccc2)ns1,,
COc1ccc(Nc2nc(Cl)cc(Cl)n2)cc1,Clc1cc(Cl)nc(Br)n1,COc1ccc(N)cc1,COc1ccc(Br)cc1,Nc1nc(Cl)cc(Cl)n1,,
COc1ccc(Nc2ccc3ccccc3n2)cc1,Brc1ccc2ccccc2n1,COc1ccc(N)cc1,COc1ccc(Br)cc1,Nc1ccc2ccccc2n1,,
CC(C)Oc1ccc(Nc2cc(Cl)ncn2)cc1,Clc1cc(Br)ncn1,CC(C)Oc1ccc(N)cc1,CC(C)Oc1ccc(Br)cc1,Nc1cc(Cl)ncn1,,
CCOc1ccc(Nc2nc(C)c(C(C)=O)s2)cc1,CC(=O)c1sc(Br)nc1C,CCOc1ccc(N)cc1,CCOc1ccc(Br)cc1,CC(=O)c1sc(N)nc1C,,
Clc1ncc(Br)c(Nc2ccccc2)n1,Nc1nc(Cl)ncc1Br,Brc1ccccc1,Clc1ncc(Br)c(Br)n1,Nc1ccccc1,,
CC(C)c1ccc(Nc2nnc(S)s2)cc1,Sc1nnc(Br)s1,CC(C)c1ccc(N)cc1,CC(C)c1ccc(Br)cc1,Nc1nnc(S)s1,,
COC(=O)c1ccccc1Nc1cccc(C)c1C,Cc1cccc(Br)c1C,COC(=O)c1ccccc1N,COC(=O)c1ccccc1Br,Cc1cccc(N)c1C,,
COc1ccc(Nc2ccn(-c3ccccc3)n2)cc1,Brc1ccn(-c2ccccc2)n1,COc1ccc(N)cc1,COc1ccc(Br)cc1,Nc1ccn(-c2ccccc2)n1,,
Fc1ccc(Nc2nc(Cl)ncc2Cl)cc1,Clc1ncc(Cl)c(Br)n1,Nc1ccc(F)cc1,Fc1ccc(Br)cc1,Nc1nc(Cl)ncc1Cl,,
CC(C)(C)c1ccc(Nc2ncccc2C(N)=S)cc1,NC(=S)c1cccnc1Br,CC(C)(C)c1ccc(N)cc1,CC(C)(C)c1ccc(Br)cc1,NC(=S)c1cccnc1N,,
N#Cc1cnc(Nc2ccc(F)c(F)c2)c(Cl)c1,Fc1ccc(Br)cc1F,N#Cc1cnc(N)c(Cl)c1,N#Cc1cnc(Br)c(Cl)c1,Nc1ccc(F)c(F)c1,,
CCOC(=O)c1cnc(Nc2nc3ccccc3o2)[nH]c1=O,Brc1nc2ccccc2o1,CCOC(=O)c1cnc(N)[nH]c1=O,CCOC(=O)c1cnc(Br)[nH]c1=O,Nc1nc2ccccc2o1,,
Cc1nccc(Nc2cc(B3OC(C)(C)C(C)(C)O3)ccn2)n1,CC1(C)OB(c2ccnc(Br)c2)OC1(C)C,Cc1nccc(N)n1,Cc1nccc(Br)n1,CC1(C)OB(c2ccnc(N)c2)OC1(C)C,,
COc1ccc(Nc2ncnc3cc(OC)c(OC)cc23)cc1OC,COc1cc2ncnc(Br)c2cc1OC,COc1ccc(N)cc1OC,COc1ccc(Br)cc1OC,COc1cc2ncnc(N)c2cc1OC,,
CCOC(=O)c1ccc(C)c(Nc2nccc(-c3cccnc3)n2)c1,Brc1nccc(-c2cccnc2)n1,CCOC(=O)c1ccc(C)c(N)c1,CCOC(=O)c1ccc(C)c(Br)c1,Nc1nccc(-c2cccnc2)n1,,
CC(C)S(=O)(=O)c1ccccc1Nc1nc(Cl)ncc1Cl,Clc1ncc(Cl)c(Br)n1,CC(C)S(=O)(=O)c1ccccc1N,CC(C)S(=O)(=O)c1ccccc1Br,Nc1nc(Cl)ncc1Cl,,
COC(=O)c1cc(Nc2nc3ccccc3s2)cc(C(=O)OC)c1,Brc1nc2ccccc2s1,COC(=O)c1cc(N)cc(C(=O)OC)c1,COC(=O)c1cc(Br)cc(C(=O)OC)c1,Nc1nc2ccccc2s1,,
Cn1c(=O)c2c(nc(Nc3ccccc3)n2Cc2ccccc2)n(C)c1=O,Brc1ccccc1,Cn1c(=O)c2c(nc(N)n2Cc2ccccc2)n(C)c1=O,Cn1c(=O)c2c(nc(Br)n2Cc2ccccc2)n(C)c1=O,Nc1ccccc1,,
COc1ccc(Nc2nc3c(c(=O)n(C)c(=O)n3C)n2Cc2ccccc2)cc1,Cn1c(=O)c2c(nc(Br)n2Cc2ccccc2)n(C)c1=O,COc1ccc(N)cc1,COc1ccc(Br)cc1,Cn1c(=O)c2c(nc(N)n2Cc2ccccc2)n(C)c1=O,,
Cc1cccc(Nc2nc3c(c(=O)n(C)c(=O)n3C)n2Cc2ccccc2)c1,Cn1c(=O)c2c(nc(Br)n2Cc2ccccc2)n(C)c1=O,Cc1cccc(N)c1,Cc1cccc(Br)c1,Cn1c(=O)c2c(nc(N)n2Cc2ccccc2)n(C)c1=O,,
Cc1ccc(Nc2nc3c(c(=O)n(C)c(=O)n3C)n2Cc2ccccc2)cc1,Cn1c(=O)c2c(nc(Br)n2Cc2ccccc2)n(C)c1=O,Cc1ccc(N)cc1,Cc1ccc(Br)cc1,Cn1c(=O)c2c(nc(N)n2Cc2ccccc2)n(C)c1=O,,
CCc1ccc(Nc2nc3c(c(=O)n(C)c(=O)n3C)n2Cc2ccccc2)cc1,Cn1c(=O)c2c(nc(Br)n2Cc2ccccc2)n(C)c1=O,CCc1ccc(N)cc1,CCc1ccc(Br)cc1,Cn1c(=O)c2c(nc(N)n2Cc2ccccc2)n(C)c1=O,,
