parent,SplitA_FragE,SplitA_FragN,SplitB_FragE,SplitB_FragN,SplitC_FragE,SplitC_FragN
O=C1CCc2ccccc2N1c1ccccc1,Brc1ccccc1,O=C1CCc2ccccc2N1,,,,
C[C@@H]1C(=O)N(c2ccccc2)c2ccccc21,Brc1ccccc1,C[C@@H]1C(=O)Nc2ccccc21,,,,
C[C@H]1C(=O)N(c2ccccc2)c2ccccc21,Brc1ccccc1,C[C@H]1C(=O)Nc2ccccc21,,,,
O=C1CCN(c2ccccc2)c2ccccc21,Brc1ccccc1,O=C1CCNc2ccccc21,,,,
O=C1CC(=O)N(c2ccccc2)c2ccccc21,Brc1ccccc1,O=C1CC(=O)c2ccccc2N1,,,,
O=C1C(=O)N(c2ccccc2)c2ccccc21,Brc1ccccc1,O=C1Nc2ccccc2C1=O,,,,
COc1ccc(N2C(=O)Cc3ccccc32)cc1,COc1ccc(Br)cc1,O=C1Cc2ccccc2N1,,,,
O=C1Cc2ccccc2N1c1ccccc1,Brc1ccccc1,O=C1Cc2ccccc2N1,,,,
Clc1cncc(N2CCc3ccccc32)n1,Clc1cncc(Br)n1,c1ccc2c(c1)CCN2,,,,
Clc1cc(N2CCc3ccccc32)ncn1,Clc1cc(Br)ncn1,c1ccc2c(c1)CCN2,,,,
Cc1ccc2c(c1)CCCN2c1ccnc(Cl)n1,Clc1nccc(Br)n1,Cc1ccc2c(c1)CCCN2,,,,
