parent,SplitA_FragE,SplitA_FragN,SplitB_FragE,SplitB_FragN,SplitC_FragE,SplitC_FragN
Cc1cccc(N(CCC#N)CCC#N)c1,Cc1cccc(Br)c1,N#CCCNCCC#N,,,,
CCCCN(CCC#N)c1ccccc1,Brc1ccccc1,CCCCNCCC#N,,,,
CCCN(CCC)c1cc[nH]n1,Brc1cc[nH]n1,CCCNCCC,,,,
CC(C)CN(CC(C)C)c1ccccc1,Brc1ccccc1,CC(C)CNCC(C)C,,,,
N#CCCN(CCC#N)c1ccccc1,Brc1ccccc1,N#CCCNCCC#N,,,,
CCCN(CCC)c1ccncc1,Brc1ccncc1,CCCNCCC,,,,
CCCN(CCC)c1ccccc1,Brc1ccccc1,CCCNCCC,,,,
CCOC(=O)CN(CCC#N)c1ccccc1,Brc1ccccc1,CCOC(=O)CNCCC#N,,,,
COc1cccc(N(CCC#N)CCC#N)c1,COc1cccc(Br)c1,N#CCCNCCC#N,,,,
CCCN(CCC)c1cncc(Cl)n1,Clc1cncc(Br)n1,CCCNCCC,,,,
CCCN(CCC)c1cc(Cl)ncn1,Clc1cc(Br)ncn1,CCCNCCC,,,,
COC(=O)CCN(CCC(=O)OC)c1ccccc1,Brc1ccccc1,COC(=O)CCNCCC(=O)OC,,,,
CC(=O)OCCN(CCOC(C)=O)c1ccccc1,Brc1ccccc1,CC(=O)OCCNCCOC(C)=O,,,,
CC(=O)OCCN(CCOC(C)=O)c1cccc(C)c1,Cc1cccc(Br)c1,CC(=O)OCCNCCOC(C)=O,,,,
CCOC(=O)CN(CCC#N)c1ccc(OC)cc1,COc1ccc(Br)cc1,CCOC(=O)CNCCC#N,,,,
CCOC(=O)CCN(CCC(=O)OCC)c1ccccc1,Brc1ccccc1,CCOC(=O)CCNCCC(=O)OCC,,,,
COCCN(CCOC)c1ccc(B2OC(C)(C)C(C)(C)O2)cn1,CC1(C)OB(c2ccc(Br)nc2)OC1(C)C,COCCNCCOC,,,,
