smiles,zinc_id,Combi-Blocks,Matrix Scientific,AK Scientific,Enamine,AstaTech,Sigma Aldrich,Alfa Aesar,AmBeed,aaBlocks,AChemBlock,ChemImpex,BioSynth
Cc1cc(=O)[nH]c(Nc2nc3ccccc3[nH]2)n1,8652428,,,,,"=HYPERLINK(""http://astatechinc.com/CPSResult.php?CRNO=AC6121"",""AC6121"")",,,,,,,
Cc1cc(=O)[nH]c(Nc2ccccc2)n1,17782157,"=HYPERLINK(""http://www.combi-blocks.com/cgi-bin/find.cgi?QV-4379"",""QV-4379"")",,,,,"=HYPERLINK(""https://www.sigmaaldrich.com/US/en/product/aldrich/R685666"",""R685666"")",,,,,,
Cc1cc(=O)[nH]c(Nc2nc3ccccc3o2)n1,17747472,"=HYPERLINK(""http://www.combi-blocks.com/cgi-bin/find.cgi?QY-3617"",""QY-3617"")",,,,"=HYPERLINK(""http://astatechinc.com/CPSResult.php?CRNO=AC6998"",""AC6998"")",,,,,,,
c1cncc(Nc2nnc[nH]2)c1,225807495,,,,"=HYPERLINK(""https://www.enaminestore.com/catalog/EN300-207582"",""EN300-207582"")",,,,,,,,
C#CCOc1cccc(Nc2cccnc2)c1,952959914,,,,,,,,,,"=HYPERLINK(""http://www.achemblock.com/catalogsearch/result/?q=Q69723"",""Q69723"")",,
N#Cc1ccc(Nc2nccc(Cl)n2)cc1,8700528,"=HYPERLINK(""http://www.combi-blocks.com/cgi-bin/find.cgi?ST-3339"",""ST-3339"")",,"=HYPERLINK(""https://aksci.com/item_detail.php?cat=J92839"",""J92839"")",,"=HYPERLINK(""http://astatechinc.com/CPSResult.php?CRNO=CL4549"",""CL4549"")",,,,,,,"=HYPERLINK(""https://www.biosynth.com/en/products/life-science/other-biochemicals/products/W-206895"",""W-206895"")"
N#Cc1ccnc(Nc2ccc(F)cc2)c1,19503012,,,,"=HYPERLINK(""https://www.enaminestore.com/catalog/EN300-108443"",""EN300-108443"")",,,,,,,,
N#Cc1cccnc1Nc1ccc(F)cc1,7737567,"=HYPERLINK(""http://www.combi-blocks.com/cgi-bin/find.cgi?QN-8487"",""QN-8487"")",,,,"=HYPERLINK(""http://astatechinc.com/CPSResult.php?CRNO=W11069"",""W11069"")",,,,,,,
N#Cc1ccc(Nc2ccc(Cl)nn2)cc1,34973921,,,,"=HYPERLINK(""https://www.enaminestore.com/catalog/EN300-122760"",""EN300-122760"")",,,,,,,,
N#Cc1c(Nc2ccccc2)ccnc1S,197463,,,,,,"=HYPERLINK(""https://www.sigmaaldrich.com/US/en/product/aldrich/R101354"",""R101354"")",,,,,,
Cc1cccc(Nc2nnc(S)s2)c1C,3263541,,,,"=HYPERLINK(""https://www.enaminestore.com/catalog/EN300-03029"",""EN300-03029"")",,,,,"=HYPERLINK(""https://www.aablocks.com/prod/AA00I7E0"",""AA00I7E0"")",,,
Cc1ccc(Nc2nnc(S)s2)c(C)c1,1735363,,,,"=HYPERLINK(""https://www.enaminestore.com/catalog/EN300-03418"",""EN300-03418"")",,,,,"=HYPERLINK(""https://www.aablocks.com/prod/AA00I3XM"",""AA00I3XM"")",,,
CCc1ccccc1Nc1nnc(S)s1,6649961,,,,"=HYPERLINK(""https://www.enaminestore.com/catalog/EN300-15013"",""EN300-15013"")",,,,,,,,
COCc1cccc(Nc2cc(Cl)ncn2)c1,49513797,,,,"=HYPERLINK(""https://www.enaminestore.com/catalog/EN300-219487"",""EN300-219487"")",,,,,,,,
Cc1nc(Cl)cc(Nc2ccccc2)n1,25491566,,,,"=HYPERLINK(""https://www.enaminestore.com/catalog/EN300-396368"",""EN300-396368"")",,,,,,,,
Fc1cnc(Cl)nc1Nc1ccccc1,59873181,"=HYPERLINK(""http://www.combi-blocks.com/cgi-bin/find.cgi?QY-6223"",""QY-6223"")",,,,,,,,,,,
O=c1[nH]c(Nc2ccccc2)cc2ccccc12,8578180,,,,"=HYPERLINK(""https://www.enaminestore.com/catalog/EN300-31255"",""EN300-31255"")",,,,,"=HYPERLINK(""https://www.aablocks.com/prod/AA019LEG"",""AA019LEG"")",,,
COc1ccc(Nc2ccc(OC)cc2)cc1,392385,"=HYPERLINK(""http://www.combi-blocks.com/cgi-bin/find.cgi?QC-9063"",""QC-9063"")",,"=HYPERLINK(""https://aksci.com/item_detail.php?cat=L591"",""L591"")",,"=HYPERLINK(""http://astatechinc.com/CPSResult.php?CRNO=75971"",""75971"")","=HYPERLINK(""https://www.sigmaaldrich.com/US/en/product/aldrich/767905"",""767905"")","=HYPERLINK(""https://www.alfa.com/en/catalog/L01322"",""L01322"")","=HYPERLINK(""http://www.ambeed.com/search/Search.html?keyword=A187910"",""A187910"")","=HYPERLINK(""https://www.aablocks.com/prod/AA0003D7"",""AA0003D7"")",,,
O=C1CCCc2nc(Nc3ccccc3)sc21,71773903,,,,,,"=HYPERLINK(""https://www.sigmaaldrich.com/US/en/product/aldrich/PH008389"",""PH008389"")",,,,,,
Cc1ccc(Nc2nc(C)cc(C)n2)cc1,392130,,,,,,"=HYPERLINK(""https://www.sigmaaldrich.com/US/en/product/aldrich/L118850"",""L118850"")",,,,,,
COc1ccc(Nc2cccc(OC)c2)cc1,82715039,,,,,"=HYPERLINK(""http://astatechinc.com/CPSResult.php?CRNO=T72369"",""T72369"")",,,,,,,
c1ccc(Nc2nc3ccccc3[nH]2)cc1,391335,,,,,,"=HYPERLINK(""https://www.sigmaaldrich.com/US/en/product/aldrich/S62597"",""S62597"")",,,,,,
c1ccc(Nc2n[nH]nc2-c2ccccc2)cc1,283524,,,,,,"=HYPERLINK(""https://www.sigmaaldrich.com/US/en/product/aldrich/S15327"",""S15327"")",,,,,,
CNC(=O)Oc1ccc(Nc2ccccc2)cc1,399196,,,,,,"=HYPERLINK(""https://www.sigmaaldrich.com/US/en/product/aldrich/S769452"",""S769452"")",,,,,,
COc1ccccc1Nc1cccnc1C,299805505,,,,"=HYPERLINK(""https://www.enaminestore.com/catalog/EN300-254859"",""EN300-254859"")",,,,,,,,
Cc1cccc(C)c1Nc1nnc(S)s1,1735368,,,,"=HYPERLINK(""https://www.enaminestore.com/catalog/EN300-03396"",""EN300-03396"")",,,,,,,,
COc1cccc(Nc2cccc(OC)c2)c1,34750652,,,,,"=HYPERLINK(""http://astatechinc.com/CPSResult.php?CRNO=C77155"",""C77155"")",,,,,,,
Cc1ccc(Nc2cncc(Cl)n2)cc1,12819779,,"=HYPERLINK(""https://www.matrixscientific.com/053359.html"",""053359"")",,,,,,,,,,
Cn1cnc2cc(Nc3ccccc3)ccc21,76208387,,,,"=HYPERLINK(""https://www.enaminestore.com/catalog/EN300-1661007"",""EN300-1661007"")",,,,,,,,
CNC(=O)Nc1ccc(Nc2ccccc2)cc1,398208,,,,,,"=HYPERLINK(""https://www.sigmaaldrich.com/US/en/product/aldrich/S715727"",""S715727"")",,,,,,
CC(=O)c1cnc(Nc2ccccc2)s1,1395915,,,,,,"=HYPERLINK(""https://www.sigmaaldrich.com/US/en/product/aldrich/CDS018060"",""CDS018060"")",,,,,,
CCc1ccc(Nc2nnc(S)s2)cc1,3326507,,,,"=HYPERLINK(""https://www.enaminestore.com/catalog/EN300-06393"",""EN300-06393"")",,,,,"=HYPERLINK(""https://www.aablocks.com/prod/AA00IA0C"",""AA00IA0C"")",,,
Cc1ccc(Nc2nnc(S)s2)cc1C,3263979,,,,"=HYPERLINK(""https://www.enaminestore.com/catalog/EN300-03035"",""EN300-03035"")",,,,,"=HYPERLINK(""https://www.aablocks.com/prod/AA00I7EB"",""AA00I7EB"")",,,
Fc1cccc(Nc2ccnc(Cl)n2)c1,20358084,"=HYPERLINK(""http://www.combi-blocks.com/cgi-bin/find.cgi?QK-1925"",""QK-1925"")",,,,"=HYPERLINK(""http://astatechinc.com/CPSResult.php?CRNO=71945"",""71945"")",,,,,,,
CC(=O)c1nc(Nc2ccccc2)sc1C,3190302,,,,,,"=HYPERLINK(""https://www.sigmaaldrich.com/US/en/product/aldrich/R381322"",""R381322"")",,,,,,
CCOC(=O)c1cccnc1Nc1ccccc1,34252801,"=HYPERLINK(""http://www.combi-blocks.com/cgi-bin/find.cgi?QD-0427"",""QD-0427"")",,,,"=HYPERLINK(""http://astatechinc.com/CPSResult.php?CRNO=83375"",""83375"")",,,,"=HYPERLINK(""https://www.aablocks.com/prod/AA000GZM"",""AA000GZM"")",,,
CC(=O)c1sc(Nc2ccccc2)nc1C,153609,"=HYPERLINK(""http://www.combi-blocks.com/cgi-bin/find.cgi?QC-7971"",""QC-7971"")",,,,,"=HYPERLINK(""https://www.sigmaaldrich.com/US/en/product/aldrich/CDS014129"",""CDS014129"")",,,,,,
Cc1cc(Cl)nc(Nc2ccccc2)n1,1694368,,,,,,"=HYPERLINK(""https://www.sigmaaldrich.com/US/en/product/aldrich/T141771"",""T141771"")",,,,,,
CCOC(=O)c1csc(Nc2ccccc2)n1,16687931,"=HYPERLINK(""http://www.combi-blocks.com/cgi-bin/find.cgi?QA-7116"",""QA-7116"")",,,,,,,,,,,
COC(=O)c1ccccc1Nc1ccccc1,249317,"=HYPERLINK(""http://www.combi-blocks.com/cgi-bin/find.cgi?QP-6691"",""QP-6691"")",,,,"=HYPERLINK(""http://astatechinc.com/CPSResult.php?CRNO=C74839"",""C74839"")","=HYPERLINK(""https://www.sigmaaldrich.com/US/en/product/aldrich/PH003436"",""PH003436"")",,"=HYPERLINK(""http://www.ambeed.com/search/Search.html?keyword=A199957"",""A199957"")",,,,
CCOC(=O)c1cnc(Nc2ccccc2)s1,12404931,,,,"=HYPERLINK(""https://www.enaminestore.com/catalog/EN300-6507875"",""EN300-6507875"")",,,,,,,,
COc1cc(C)ccc1Nc1nccs1,953039208,,,,,"=HYPERLINK(""http://astatechinc.com/CPSResult.php?CRNO=W15645"",""W15645"")",,,,,,,
c1ccc(Nc2nnns2)cc1,401042,,,,"=HYPERLINK(""https://www.enaminestore.com/catalog/EN300-18247"",""EN300-18247"")",,,,,"=HYPERLINK(""https://www.aablocks.com/prod/AA00A3L1"",""AA00A3L1"")",,,
CSc1nccc(Nc2ccccc2)c1C#N,198131,,,,,,"=HYPERLINK(""https://www.sigmaaldrich.com/US/en/product/aldrich/R101389"",""R101389"")",,,,,,
Cc1csc(Nc2ccc(C#N)cc2)n1,19867743,,,,"=HYPERLINK(""https://www.enaminestore.com/catalog/EN300-59654"",""EN300-59654"")",,,,,"=HYPERLINK(""https://www.aablocks.com/prod/AA01A7PE"",""AA01A7PE"")",,,
COCc1ccccc1Nc1ccccc1C#N,49511690,,,,"=HYPERLINK(""https://www.enaminestore.com/catalog/EN300-119072"",""EN300-119072"")",,,,,"=HYPERLINK(""https://www.aablocks.com/prod/AA01A2RU"",""AA01A2RU"")",,,
N#Cc1ccccc1Nc1ccccc1C#N,36785934,,,,,,"=HYPERLINK(""https://www.sigmaaldrich.com/US/en/product/aldrich/L511269"",""L511269"")",,,,,,
COc1ccc(Nc2cccc(C#N)c2)cc1,2527497,"=HYPERLINK(""http://www.combi-blocks.com/cgi-bin/find.cgi?QA-8925"",""QA-8925"")",,,,"=HYPERLINK(""http://astatechinc.com/CPSResult.php?CRNO=68417"",""68417"")",,,,,,,
Cc1nsc(Nc2ccccc2)c1C#N,1409818,,,,"=HYPERLINK(""https://www.enaminestore.com/catalog/EN300-14146"",""EN300-14146"")",,,,,"=HYPERLINK(""https://www.aablocks.com/prod/AA00IGEK"",""AA00IGEK"")",,,
c1ccc(Nc2nccs2)nc1,563305,,,,"=HYPERLINK(""https://www.enaminestore.com/catalog/EN300-176277"",""EN300-176277"")",,,,,"=HYPERLINK(""https://www.aablocks.com/prod/AA00E4AO"",""AA00E4AO"")",,,
Cc1cc(Nc2ccccc2)nn1C,3239313,,,,,,"=HYPERLINK(""https://www.sigmaaldrich.com/US/en/product/aldrich/T311626"",""T311626"")",,,,,,
Fc1ccc(Nc2cn[nH]c2)cc1,536949894,,,,"=HYPERLINK(""https://www.enaminestore.com/catalog/EN300-328633"",""EN300-328633"")",,,,,"=HYPERLINK(""https://www.aablocks.com/prod/AA01BY5X"",""AA01BY5X"")",,,
c1ccc(Nc2ncc[nH]2)cc1,34160005,,,,"=HYPERLINK(""https://www.enaminestore.com/catalog/EN300-175117"",""EN300-175117"")",,,,,"=HYPERLINK(""https://www.aablocks.com/prod/AA00I9P4"",""AA00I9P4"")",,,
c1ccc(Nc2cnccn2)cc1,6665762,,,,"=HYPERLINK(""https://www.enaminestore.com/catalog/EN300-1590629"",""EN300-1590629"")",,,,,,,,
c1ccc(Nc2nncs2)cc1,245038,,,,"=HYPERLINK(""https://www.enaminestore.com/catalog/EN300-10169"",""EN300-10169"")",,"=HYPERLINK(""https://www.sigmaaldrich.com/US/en/product/aldrich/T322849"",""T322849"")",,,,,,
c1ccc(Nc2ccccn2)nc1,5594560,"=HYPERLINK(""http://www.combi-blocks.com/cgi-bin/find.cgi?QD-2350"",""QD-2350"")",,,"=HYPERLINK(""https://www.enaminestore.com/catalog/EN300-17492"",""EN300-17492"")",,,,,"=HYPERLINK(""https://www.aablocks.com/prod/AA000QHB"",""AA000QHB"")",,,
c1ccc(Nc2cccnc2)nc1,38875392,,,,"=HYPERLINK(""https://www.enaminestore.com/catalog/EN300-1265926"",""EN300-1265926"")",,,,,,"=HYPERLINK(""http://www.achemblock.com/catalogsearch/result/?q=L19594"",""L19594"")",,
c1ccc(Nc2ncccn2)cc1,6665770,"=HYPERLINK(""http://www.combi-blocks.com/cgi-bin/find.cgi?SS-0021"",""SS-0021"")",,,"=HYPERLINK(""https://www.enaminestore.com/catalog/EN300-102811"",""EN300-102811"")","=HYPERLINK(""http://astatechinc.com/CPSResult.php?CRNO=AC6387"",""AC6387"")","=HYPERLINK(""https://www.sigmaaldrich.com/US/en/product/aldrich/SYX00317"",""SYX00317"")",,,"=HYPERLINK(""https://www.aablocks.com/prod/AA00EJBW"",""AA00EJBW"")",,,
c1ccc(Nc2ccncn2)cc1,39233308,,,,"=HYPERLINK(""https://www.enaminestore.com/catalog/EN300-687026"",""EN300-687026"")",,,,,"=HYPERLINK(""https://www.aablocks.com/prod/AA01BNAR"",""AA01BNAR"")",,,
CCOc1ccc(Nc2nc(C)c(C)s2)cc1,562968,,,,"=HYPERLINK(""https://www.enaminestore.com/catalog/EN300-106039"",""EN300-106039"")",,,,,,,,
Fc1ccc(Nc2ccc(Cl)nc2)cc1,71257064,"=HYPERLINK(""http://www.combi-blocks.com/cgi-bin/find.cgi?QA-3495"",""QA-3495"")",,,,,,,,,,,
COc1ccc(Nc2ccccc2)c(C)c1,236039,,,,,,"=HYPERLINK(""https://www.sigmaaldrich.com/US/en/product/aldrich/CDS010560"",""CDS010560"")",,,,,,"=HYPERLINK(""https://www.biosynth.com/en/products/life-science/other-biochemicals/products/W-106310"",""W-106310"")"
Brc1ccc(Nc2ccccc2)nc1,38537114,"=HYPERLINK(""http://www.combi-blocks.com/cgi-bin/find.cgi?PY-7367"",""PY-7367"")",,,,,,,,"=HYPERLINK(""https://www.aablocks.com/prod/AA00DCTR"",""AA00DCTR"")",,,
CCOC(=O)c1cccc(Nc2ccccc2)c1,82716421,,,,,"=HYPERLINK(""http://astatechinc.com/CPSResult.php?CRNO=W17267"",""W17267"")",,,,"=HYPERLINK(""https://www.aablocks.com/prod/AA019EI7"",""AA019EI7"")",,,
c1ccc(Nc2ccc3ccccc3n2)cc1,1706864,,,,,,"=HYPERLINK(""https://www.sigmaaldrich.com/US/en/product/aldrich/PH006814"",""PH006814"")",,,,,,
CC(=O)c1cccc(Nc2ccccc2)c1,21995840,"=HYPERLINK(""http://www.combi-blocks.com/cgi-bin/find.cgi?QN-5252"",""QN-5252"")",,,,"=HYPERLINK(""http://astatechinc.com/CPSResult.php?CRNO=C74223"",""C74223"")",,,,,,,
c1ccc(Nc2nccn2-c2ccccc2)cc1,71773332,,,,,,"=HYPERLINK(""https://www.sigmaaldrich.com/US/en/product/aldrich/PH007677"",""PH007677"")",,,,,,
c1ccc(Nc2cnc3ccccc3c2)cc1,38272054,,,,"=HYPERLINK(""https://www.enaminestore.com/catalog/EN300-193384"",""EN300-193384"")",,,,,"=HYPERLINK(""https://www.aablocks.com/prod/AA00J7SI"",""AA00J7SI"")",,,
CCOC(=O)c1ccc(Nc2ccccc2)cc1,21999247,,,,"=HYPERLINK(""https://www.enaminestore.com/catalog/EN300-6730382"",""EN300-6730382"")",,,,,,,,
c1ccc(Nc2nccc3ccccc23)cc1,406447,,,,,,"=HYPERLINK(""https://www.sigmaaldrich.com/US/en/product/aldrich/R437115"",""R437115"")",,,,,,
Cc1ccc(Nc2cc(C)nc(Cl)n2)c(C)c1,52814154,,,,"=HYPERLINK(""https://www.enaminestore.com/catalog/EN300-398855"",""EN300-398855"")",,,,,,,,
Brc1cccnc1Nc1ccccc1,39078850,,,,"=HYPERLINK(""https://www.enaminestore.com/catalog/EN300-116954"",""EN300-116954"")",,,,,"=HYPERLINK(""https://www.aablocks.com/prod/AA01A2B9"",""AA01A2B9"")",,,
COc1cc(C)ccc1Nc1ccccc1,39109338,,,,"=HYPERLINK(""https://www.enaminestore.com/catalog/EN300-227144"",""EN300-227144"")",,,,,,,,
COc1ccc(Nc2ccc(C)cc2)cc1,22003858,"=HYPERLINK(""http://www.combi-blocks.com/cgi-bin/find.cgi?QH-3394"",""QH-3394"")",,,,,,,,,,,
COc1ccc(Nc2ccc([N+]#N)cc2)cc1,4521920,"=HYPERLINK(""http://www.combi-blocks.com/cgi-bin/find.cgi?QG-6395"",""QG-6395"")",,,,,,,,,,,
Cc1cc(C)nc(Nc2cccc3ccccc23)n1,128701,,,,,,"=HYPERLINK(""https://www.sigmaaldrich.com/US/en/product/aldrich/L118575"",""L118575"")",,,,,,
CC(=O)c1ccc(Nc2ccccc2)cc1,21999250,"=HYPERLINK(""http://www.combi-blocks.com/cgi-bin/find.cgi?QN-4836"",""QN-4836"")",,,,"=HYPERLINK(""http://astatechinc.com/CPSResult.php?CRNO=F17463"",""F17463"")",,,,,,,
Brc1cccc(Nc2ccccc2)n1,331298,,,,,"=HYPERLINK(""http://astatechinc.com/CPSResult.php?CRNO=W12627"",""W12627"")",,,,,,,
COc1cc(Nc2ccccc2)ccc1[N+]#N,4520869,"=HYPERLINK(""http://www.combi-blocks.com/cgi-bin/find.cgi?QC-5392"",""QC-5392"")",,"=HYPERLINK(""https://aksci.com/item_detail.php?cat=6472AL"",""6472AL"")",,,,,,,,,
Brc1cncc(Nc2ccccc2)c1,59618223,,,,,,,,,,"=HYPERLINK(""http://www.achemblock.com/catalogsearch/result/?q=N27170"",""N27170"")",,
Cc1cccc(C)c1Nc1nccs1,563302,,,,,"=HYPERLINK(""http://astatechinc.com/CPSResult.php?CRNO=C71940"",""C71940"")",,,"=HYPERLINK(""http://www.ambeed.com/search/Search.html?keyword=A230220"",""A230220"")",,,,
Cc1cccc(C)c1Nc1nc2ccccc2[nH]1,3416,,,,,"=HYPERLINK(""http://astatechinc.com/CPSResult.php?CRNO=C12588"",""C12588"")",,,,,,,
c1ccc(Nc2ccncc2)cc1,11535658,"=HYPERLINK(""http://www.combi-blocks.com/cgi-bin/find.cgi?QF-6583"",""QF-6583"")",,,,"=HYPERLINK(""http://astatechinc.com/CPSResult.php?CRNO=T70602"",""T70602"")","=HYPERLINK(""https://www.sigmaaldrich.com/US/en/product/aldrich/PH011175"",""PH011175"")",,,,,,
c1ccc(Nc2cccnc2)cc1,8436194,,,,,"=HYPERLINK(""http://astatechinc.com/CPSResult.php?CRNO=A11249"",""A11249"")",,,,,,,
Cc1cc(C)nc(Nc2ccccc2)n1,967734,"=HYPERLINK(""http://www.combi-blocks.com/cgi-bin/find.cgi?QA-1023"",""QA-1023"")",,"=HYPERLINK(""https://aksci.com/item_detail.php?cat=O663"",""O663"")",,"=HYPERLINK(""http://astatechinc.com/CPSResult.php?CRNO=O11144"",""O11144"")",,,"=HYPERLINK(""http://www.ambeed.com/search/Search.html?keyword=A124899"",""A124899"")","=HYPERLINK(""https://www.aablocks.com/prod/AA003KH0"",""AA003KH0"")",,,
c1ccc(Nc2ccccn2)cc1,343387,"=HYPERLINK(""http://www.combi-blocks.com/cgi-bin/find.cgi?ST-6832"",""ST-6832"")",,,"=HYPERLINK(""https://www.enaminestore.com/catalog/EN300-16204"",""EN300-16204"")","=HYPERLINK(""http://astatechinc.com/CPSResult.php?CRNO=28911"",""28911"")","=HYPERLINK(""https://www.sigmaaldrich.com/US/en/product/aldrich/PH006857"",""PH006857"")",,"=HYPERLINK(""http://www.ambeed.com/search/Search.html?keyword=A226990"",""A226990"")","=HYPERLINK(""https://www.aablocks.com/prod/AA003GHL"",""AA003GHL"")",,,
Cc1ccc(Nc2cnns2)cc1,2532484,,,,,,"=HYPERLINK(""https://www.sigmaaldrich.com/US/en/product/aldrich/L308366"",""L308366"")",,,,,,
Cc1ccc(Nc2ncccn2)cc1,40161634,"=HYPERLINK(""http://www.combi-blocks.com/cgi-bin/find.cgi?LD-1071"",""LD-1071"")",,,,,,,,"=HYPERLINK(""https://www.aablocks.com/prod/AA00AQHQ"",""AA00AQHQ"")",,,
Cc1cccc(Nc2cccc(C)n2)n1,16697029,"=HYPERLINK(""http://www.combi-blocks.com/cgi-bin/find.cgi?ST-7266"",""ST-7266"")",,,,"=HYPERLINK(""http://astatechinc.com/CPSResult.php?CRNO=54053"",""54053"")",,,,,,,
Cc1cc(Nc2ccccc2)ncn1,11902752,,,,,,"=HYPERLINK(""https://www.sigmaaldrich.com/US/en/product/aldrich/T313785"",""T313785"")",,,,,,
Cc1ccnc(Nc2cc(C)ccn2)c1,140370726,,,,,"=HYPERLINK(""http://astatechinc.com/CPSResult.php?CRNO=W15894"",""W15894"")",,,,,,,
Fc1ccc(Nc2ccccn2)cc1,401691,,,,,,"=HYPERLINK(""https://www.sigmaaldrich.com/US/en/product/aldrich/S898554"",""S898554"")",,,,,,
c1ccc(Nc2nccs2)cc1,12394436,,,,,"=HYPERLINK(""http://astatechinc.com/CPSResult.php?CRNO=C15592"",""C15592"")","=HYPERLINK(""https://www.sigmaaldrich.com/US/en/product/aldrich/PH010014"",""PH010014"")",,,,,,
Cc1cccnc1Nc1ncccc1C,394963,,,,,,"=HYPERLINK(""https://www.sigmaaldrich.com/US/en/product/aldrich/S570699"",""S570699"")",,,,,,
N#Cc1ccc(Nc2ccncc2)cc1,140396757,,,,"=HYPERLINK(""https://www.enaminestore.com/catalog/EN300-299812"",""EN300-299812"")",,,,,"=HYPERLINK(""https://www.aablocks.com/prod/AA01B55O"",""AA01B55O"")",,,
Cc1ccccc1Nc1ccccc1C#N,20077298,,,,"=HYPERLINK(""https://www.enaminestore.com/catalog/EN300-118858"",""EN300-118858"")",,,,,,,,
c1ccc(Nc2ccccc2)cc1,967716,"=HYPERLINK(""http://www.combi-blocks.com/cgi-bin/find.cgi?QC-8490"",""QC-8490"")",,"=HYPERLINK(""https://aksci.com/item_detail.php?cat=J10950"",""J10950"")","=HYPERLINK(""https://www.enaminestore.com/catalog/EN300-18732"",""EN300-18732"")","=HYPERLINK(""http://astatechinc.com/CPSResult.php?CRNO=38185"",""38185"")",,"=HYPERLINK(""https://www.alfa.com/en/catalog/36610"",""36610"")",,"=HYPERLINK(""https://www.aablocks.com/prod/AA0016GM"",""AA0016GM"")",,"=HYPERLINK(""http://www.chemimpex.com/category/search/32013/2?filter=&search=32013&type=q&keywordoption=ANY&cid=2&fltrdesc="",""32013"")",
Cc1csc(Nc2ccccc2)n1,8306914,,,,"=HYPERLINK(""https://www.enaminestore.com/catalog/EN300-02907"",""EN300-02907"")",,"=HYPERLINK(""https://www.sigmaaldrich.com/US/en/product/aldrich/CDS011450"",""CDS011450"")",,,"=HYPERLINK(""https://www.aablocks.com/prod/AA00GUCH"",""AA00GUCH"")",,,"=HYPERLINK(""https://www.biosynth.com/en/products/life-science/other-biochemicals/products/J-501448"",""J-501448"")"
Fc1cccc(Nc2nccs2)c1,2539890,,,,,,"=HYPERLINK(""https://www.sigmaaldrich.com/US/en/product/aldrich/CDS011161"",""CDS011161"")",,,,,,
COc1ccc(Nc2ccccc2)cc1,16978792,"=HYPERLINK(""http://www.combi-blocks.com/cgi-bin/find.cgi?QF-8220"",""QF-8220"")",,"=HYPERLINK(""https://aksci.com/item_detail.php?cat=3648AA"",""3648AA"")","=HYPERLINK(""https://www.enaminestore.com/catalog/EN300-06439"",""EN300-06439"")","=HYPERLINK(""http://astatechinc.com/CPSResult.php?CRNO=76155"",""76155"")","=HYPERLINK(""https://www.sigmaaldrich.com/US/en/product/aldrich/CDS011448"",""CDS011448"")",,"=HYPERLINK(""http://www.ambeed.com/search/Search.html?keyword=A106645"",""A106645"")","=HYPERLINK(""https://www.aablocks.com/prod/AA007PAF"",""AA007PAF"")",,,"=HYPERLINK(""https://www.biosynth.com/en/products/life-science/other-biochemicals/products/J-501425"",""J-501425"")"
COc1cccc(Nc2ccccc2)c1,409234,"=HYPERLINK(""http://www.combi-blocks.com/cgi-bin/find.cgi?QB-2032"",""QB-2032"")",,,"=HYPERLINK(""https://www.enaminestore.com/catalog/EN300-21118"",""EN300-21118"")","=HYPERLINK(""http://astatechinc.com/CPSResult.php?CRNO=75867"",""75867"")",,"=HYPERLINK(""https://www.alfa.com/en/catalog/H55673"",""H55673"")","=HYPERLINK(""http://www.ambeed.com/search/Search.html?keyword=A109248"",""A109248"")","=HYPERLINK(""https://www.aablocks.com/prod/AA0003C4"",""AA0003C4"")",,"=HYPERLINK(""http://www.chemimpex.com/category/search/27169/2?filter=&search=27169&type=q&keywordoption=ANY&cid=2&fltrdesc="",""27169"")","=HYPERLINK(""https://www.biosynth.com/en/products/life-science/other-biochemicals/products/W-108925"",""W-108925"")"
N#Cc1ccc(Nc2ccccc2)cc1,19867408,,,,,"=HYPERLINK(""http://astatechinc.com/CPSResult.php?CRNO=W13057"",""W13057"")",,,,"=HYPERLINK(""https://www.aablocks.com/prod/AA00C6NY"",""AA00C6NY"")",,,
Fc1cccc(Nc2ccccc2)c1,2243137,"=HYPERLINK(""http://www.combi-blocks.com/cgi-bin/find.cgi?ST-0870"",""ST-0870"")",,,"=HYPERLINK(""https://www.enaminestore.com/catalog/EN300-112823"",""EN300-112823"")","=HYPERLINK(""http://astatechinc.com/CPSResult.php?CRNO=61202"",""61202"")",,,,"=HYPERLINK(""https://www.aablocks.com/prod/AA006WAL"",""AA006WAL"")",,,
Cc1ccc(Nc2ccccc2)cc1,968704,"=HYPERLINK(""http://www.combi-blocks.com/cgi-bin/find.cgi?OR-3709"",""OR-3709"")",,"=HYPERLINK(""https://aksci.com/item_detail.php?cat=X4106"",""X4106"")",,,"=HYPERLINK(""https://www.sigmaaldrich.com/US/en/product/aldrich/TMT00625"",""TMT00625"")","=HYPERLINK(""https://www.alfa.com/en/catalog/44560"",""44560"")","=HYPERLINK(""http://www.ambeed.com/search/Search.html?keyword=A140855"",""A140855"")","=HYPERLINK(""https://www.aablocks.com/prod/AA0036VK"",""AA0036VK"")",,,"=HYPERLINK(""https://www.biosynth.com/en/products/life-science/other-biochemicals/products/W-105050"",""W-105050"")"
N#[N+]c1ccc(Nc2ccccc2)cc1,3954158,"=HYPERLINK(""http://www.combi-blocks.com/cgi-bin/find.cgi?QN-4104"",""QN-4104"")",,"=HYPERLINK(""https://aksci.com/item_detail.php?cat=J10273"",""J10273"")",,,"=HYPERLINK(""https://www.sigmaaldrich.com/US/en/product/aldrich/201464"",""201464"")",,,,,,"=HYPERLINK(""https://www.biosynth.com/en/products/life-science/other-biochemicals/products/W-106175"",""W-106175"")"
Fc1ccccc1Nc1ccccc1,2243136,"=HYPERLINK(""http://www.combi-blocks.com/cgi-bin/find.cgi?SS-5374"",""SS-5374"")",,,"=HYPERLINK(""https://www.enaminestore.com/catalog/EN300-233627"",""EN300-233627"")",,,,,,,,
Fc1ccc(Nc2ccccc2)cc1,2244271,"=HYPERLINK(""http://www.combi-blocks.com/cgi-bin/find.cgi?SS-4992"",""SS-4992"")",,,,"=HYPERLINK(""http://astatechinc.com/CPSResult.php?CRNO=T72312"",""T72312"")","=HYPERLINK(""https://www.sigmaaldrich.com/US/en/product/aldrich/PH000345"",""PH000345"")",,,,,,
Cc1ccccc1Nc1ccccc1,34589521,"=HYPERLINK(""http://www.combi-blocks.com/cgi-bin/find.cgi?QP-2078"",""QP-2078"")",,,,"=HYPERLINK(""http://astatechinc.com/CPSResult.php?CRNO=S12003"",""S12003"")",,,"=HYPERLINK(""http://www.ambeed.com/search/Search.html?keyword=A150258"",""A150258"")",,"=HYPERLINK(""http://www.achemblock.com/catalogsearch/result/?q=P42310"",""P42310"")",,
Cc1cccc(Nc2ccccc2)c1,2039769,"=HYPERLINK(""http://www.combi-blocks.com/cgi-bin/find.cgi?QA-0387"",""QA-0387"")",,"=HYPERLINK(""https://aksci.com/item_detail.php?cat=P810"",""P810"")","=HYPERLINK(""https://www.enaminestore.com/catalog/EN300-17640"",""EN300-17640"")","=HYPERLINK(""http://astatechinc.com/CPSResult.php?CRNO=I10224"",""I10224"")","=HYPERLINK(""https://www.sigmaaldrich.com/US/en/product/aldrich/183512"",""183512"")",,"=HYPERLINK(""http://www.ambeed.com/search/Search.html?keyword=A280803"",""A280803"")","=HYPERLINK(""https://www.aablocks.com/prod/AA003JOF"",""AA003JOF"")",,"=HYPERLINK(""http://www.chemimpex.com/category/search/27182/2?filter=&search=27182&type=q&keywordoption=ANY&cid=2&fltrdesc="",""27182"")","=HYPERLINK(""https://www.biosynth.com/en/products/life-science/other-biochemicals/products/W-108473"",""W-108473"")"
Cn1cc(Nc2ccc(=O)n(C)c2)ccc1=O,39947549,,,,"=HYPERLINK(""https://www.enaminestore.com/catalog/EN300-57254"",""EN300-57254"")",,,,,,,,
N#Cc1ccc(Nc2nccc(=O)[nH]2)cc1,8700471,,,,,"=HYPERLINK(""http://astatechinc.com/CPSResult.php?CRNO=F11766"",""F11766"")",,,,,,,
COc1nn(C)cc1Nc1nc(F)nc2[nH]cnc12,584590472,,,,,"=HYPERLINK(""http://astatechinc.com/CPSResult.php?CRNO=C92347"",""C92347"")",,,,,,,
CCOC(=O)c1ncsc1Nc1cccnc1,71201675,,,,"=HYPERLINK(""https://www.enaminestore.com/catalog/EN300-218505"",""EN300-218505"")",,,,,,,,
COc1nsc(Nc2ccccc2)n1,4773255,,,,,,"=HYPERLINK(""https://www.sigmaaldrich.com/US/en/product/aldrich/S862401"",""S862401"")",,,,,,
Cc1nc(Nc2ccc(F)cc2)[nH]c(=O)c1C,13637071,"=HYPERLINK(""http://www.combi-blocks.com/cgi-bin/find.cgi?QY-6203"",""QY-6203"")",,,,,,,,,,,
Fc1ccc(Nc2ncnc3[nH]cnc23)cc1,4692584,,,,,,,,,,,,"=HYPERLINK(""https://www.biosynth.com/en/products/life-science/other-biochemicals/products/W-203680"",""W-203680"")"
COc1ccc(Nc2cnccn2)cc1,21367699,"=HYPERLINK(""http://www.combi-blocks.com/cgi-bin/find.cgi?ST-4596"",""ST-4596"")",,,,"=HYPERLINK(""http://astatechinc.com/CPSResult.php?CRNO=30432"",""30432"")","=HYPERLINK(""https://www.sigmaaldrich.com/US/en/product/aldrich/CDS014240"",""CDS014240"")",,,,,,
CC(=O)c1sc(Nc2ncccn2)nc1C,6500438,,,,,,"=HYPERLINK(""https://www.sigmaaldrich.com/US/en/product/aldrich/CDS013178"",""CDS013178"")",,,,,,
c1ccc(Nc2ncnc3[nH]cnc23)cc1,4059871,"=HYPERLINK(""http://www.combi-blocks.com/cgi-bin/find.cgi?QY-8655"",""QY-8655"")",,,,,,,,,,,
COc1ccccc1Nc1nc(C)c(C)c(=O)[nH]1,72406645,"=HYPERLINK(""http://www.combi-blocks.com/cgi-bin/find.cgi?QY-9663"",""QY-9663"")",,,,,,,,,,,
Cc1cc(Nc2ccccc2)cc(=O)n1C,344196,,,,,,"=HYPERLINK(""https://www.sigmaaldrich.com/US/en/product/aldrich/T316482"",""T316482"")",,,,,,
Cc1ccc(Nc2nc(C)c(C)c(=O)[nH]2)cc1,57330729,"=HYPERLINK(""http://www.combi-blocks.com/cgi-bin/find.cgi?QY-9545"",""QY-9545"")",,,,,,,,,,,
CC(=O)c1cnc(Nc2ccco2)nc1C,66324817,"=HYPERLINK(""http://www.combi-blocks.com/cgi-bin/find.cgi?QY-8860"",""QY-8860"")",,,,,,,,,,,
CC(=O)c1c(Nc2ccccn2)oc(C)cc1=O,2581688,,,,,,"=HYPERLINK(""https://www.sigmaaldrich.com/US/en/product/aldrich/L124702"",""L124702"")",,,,,,
Clc1nccc(Nc2cc(C3CC3)[nH]n2)n1,115372333,,,,,"=HYPERLINK(""http://astatechinc.com/CPSResult.php?CRNO=W19261"",""W19261"")",,,,,,,
Cc1nc(Nc2ccccc2)[nH]c(=O)c1C,9264672,"=HYPERLINK(""http://www.combi-blocks.com/cgi-bin/find.cgi?QZ-9031"",""QZ-9031"")",,,,,,,,,,,
COc1ccc(Nc2nc(C)c(C)c(=O)[nH]2)cc1,57330759,"=HYPERLINK(""http://www.combi-blocks.com/cgi-bin/find.cgi?QY-1425"",""QY-1425"")",,,,,,,,,,,
Cc1cc(=O)[nH]c(Nc2cccc(C)c2C)n1,1280913,"=HYPERLINK(""http://www.combi-blocks.com/cgi-bin/find.cgi?QZ-1246"",""QZ-1246"")",,,,,,,,,,,
CCn1c(=O)[nH]c(Nc2ccccc2)c(NC=O)c1=O,330343,,,,,,"=HYPERLINK(""https://www.sigmaaldrich.com/US/en/product/aldrich/CDS013092"",""CDS013092"")",,,,,,
COC(=O)c1ccsc1Nc1c(OC)c(=O)c1=O,252536350,"=HYPERLINK(""http://www.combi-blocks.com/cgi-bin/find.cgi?QY-4427"",""QY-4427"")",,,,,,,,,,,
Cc1ccc(Nc2cccc(C#N)n2)nc1,238851095,,,,"=HYPERLINK(""https://www.enaminestore.com/catalog/EN300-217542"",""EN300-217542"")",,,,,"=HYPERLINK(""https://www.aablocks.com/prod/AA01BC9N"",""AA01BC9N"")",,,
N#Cc1ccnc(Nc2ccc3c(c2)OCO3)c1,19966708,,,,"=HYPERLINK(""https://www.enaminestore.com/catalog/EN300-221668"",""EN300-221668"")",,,,,,,,
Clc1cccc(Nc2cccnc2)n1,32299853,"=HYPERLINK(""http://www.combi-blocks.com/cgi-bin/find.cgi?QK-5758"",""QK-5758"")",,,,"=HYPERLINK(""http://astatechinc.com/CPSResult.php?CRNO=79406"",""79406"")",,,,,"=HYPERLINK(""http://www.achemblock.com/catalogsearch/result/?q=O30978"",""O30978"")",,
Fc1cccc(Nc2nnc(S)s2)c1,4205865,,,,"=HYPERLINK(""https://www.enaminestore.com/catalog/EN300-12828"",""EN300-12828"")",,"=HYPERLINK(""https://www.sigmaaldrich.com/US/en/product/aldrich/CDS012269"",""CDS012269"")",,,"=HYPERLINK(""https://www.aablocks.com/prod/AA00IDJ1"",""AA00IDJ1"")",,,
Cc1ccc(Nc2nnc(S)s2)cc1,3063361,,,,"=HYPERLINK(""https://www.enaminestore.com/catalog/EN300-03056"",""EN300-03056"")",,"=HYPERLINK(""https://www.sigmaaldrich.com/US/en/product/aldrich/S525081"",""S525081"")",,,"=HYPERLINK(""https://www.aablocks.com/prod/AA001EPK"",""AA001EPK"")",,,
Cc1csc(Nc2ccc(C(N)=S)cc2)n1,19867029,,,,"=HYPERLINK(""https://www.enaminestore.com/catalog/EN300-61711"",""EN300-61711"")",,"=HYPERLINK(""https://www.sigmaaldrich.com/US/en/product/aldrich/CDS012190"",""CDS012190"")",,,"=HYPERLINK(""https://www.aablocks.com/prod/AA01A8FV"",""AA01A8FV"")",,,
CCOC(=O)c1c(C)n[nH]c1Nc1ccccc1,595780,,,,,,"=HYPERLINK(""https://www.sigmaaldrich.com/US/en/product/aldrich/S934658"",""S934658"")",,,,,,
Fc1ccccc1Nc1nnc(S)s1,1722139,,,,"=HYPERLINK(""https://www.enaminestore.com/catalog/EN300-03052"",""EN300-03052"")",,,,,,,,
Sc1nnc(Nc2ccccc2)s1,13114103,,,,"=HYPERLINK(""https://www.enaminestore.com/catalog/EN300-06433"",""EN300-06433"")",,,,,"=HYPERLINK(""https://www.aablocks.com/prod/AA0007KO"",""AA0007KO"")",,,
CCOc1ccccc1Nc1n[nH]c(=S)[nH]1,6247020,,,,,,"=HYPERLINK(""https://www.sigmaaldrich.com/US/en/product/aldrich/S728853"",""S728853"")",,,,,,
CC(=O)c1sc(Nc2ccccn2)nc1C,6389850,,,,,,"=HYPERLINK(""https://www.sigmaaldrich.com/US/en/product/aldrich/CDS012496"",""CDS012496"")",,,,,,
O=c1[nH]c(Nc2cccnc2)cc2ccccc12,96034423,,,,"=HYPERLINK(""https://www.enaminestore.com/catalog/EN300-172434"",""EN300-172434"")",,,,,,,,
Cc1cccc(Nc2nc(C)c(C)c(=O)[nH]2)c1C,66324449,"=HYPERLINK(""http://www.combi-blocks.com/cgi-bin/find.cgi?QY-7760"",""QY-7760"")",,,,,,,,,,,
Cc1ccccc1Nc1nnc(S)s1,1082178,,,,"=HYPERLINK(""https://www.enaminestore.com/catalog/EN300-03034"",""EN300-03034"")",,"=HYPERLINK(""https://www.sigmaaldrich.com/US/en/product/aldrich/S545112"",""S545112"")",,,"=HYPERLINK(""https://www.aablocks.com/prod/AA00BGCA"",""AA00BGCA"")",,,
Cc1nnc(Nc2ccc(F)cc2)s1,88832,,,,"=HYPERLINK(""https://www.enaminestore.com/catalog/EN300-152263"",""EN300-152263"")",,,,,,,,
COc1ccccc1Nc1nnc(S)s1,97343,,,,"=HYPERLINK(""https://www.enaminestore.com/catalog/EN300-03268"",""EN300-03268"")",,,,,"=HYPERLINK(""https://www.aablocks.com/prod/AA00DICK"",""AA00DICK"")",,,
Fc1ccc(Nc2nnc(S)s2)cc1,4218702,,,,"=HYPERLINK(""https://www.enaminestore.com/catalog/EN300-15011"",""EN300-15011"")",,,,,,,,
Clc1ccnc(Nc2ccccn2)c1,306200004,,,,,"=HYPERLINK(""http://astatechinc.com/CPSResult.php?CRNO=W13024"",""W13024"")",,,,,,,
Cc1cc(Nc2nc(Cl)ncc2Cl)n[nH]1,66351904,"=HYPERLINK(""http://www.combi-blocks.com/cgi-bin/find.cgi?QC-6664"",""QC-6664"")",,"=HYPERLINK(""https://aksci.com/item_detail.php?cat=A827"",""A827"")",,"=HYPERLINK(""http://astatechinc.com/CPSResult.php?CRNO=79463"",""79463"")",,,"=HYPERLINK(""http://www.ambeed.com/search/Search.html?keyword=A198401"",""A198401"")","=HYPERLINK(""https://www.aablocks.com/prod/AA00DLJZ"",""AA00DLJZ"")","=HYPERLINK(""http://www.achemblock.com/catalogsearch/result/?q=L22362"",""L22362"")",,
COc1ccccc1Nc1nc(C)cc(C)n1,9411252,,,,,,"=HYPERLINK(""https://www.sigmaaldrich.com/US/en/product/aldrich/L118869"",""L118869"")",,,,,,
Clc1nc(Nc2ccccc2)c2nc[nH]c2n1,39151515,,,,"=HYPERLINK(""https://www.enaminestore.com/catalog/EN300-247821"",""EN300-247821"")",,,,,"=HYPERLINK(""https://www.aablocks.com/prod/AA01C1JH"",""AA01C1JH"")",,,
Cc1ccc(Nc2nc(C)c(C)c(=O)[nH]2)cc1C,66324451,"=HYPERLINK(""http://www.combi-blocks.com/cgi-bin/find.cgi?QY-6318"",""QY-6318"")",,,,,,,,,,,
Clc1nc(Cl)nc(Nc2ccccc2)n1,347810,,,,"=HYPERLINK(""https://www.enaminestore.com/catalog/EN300-126334"",""EN300-126334"")","=HYPERLINK(""http://astatechinc.com/CPSResult.php?CRNO=C11695"",""C11695"")",,,,,,,
COc1cccc(Nc2nnc(S)s2)c1,5687672,,,,"=HYPERLINK(""https://www.enaminestore.com/catalog/EN300-10247"",""EN300-10247"")",,,,,,,,
Clc1cncc(Nc2ccccc2)n1,38585533,"=HYPERLINK(""http://www.combi-blocks.com/cgi-bin/find.cgi?QW-0148"",""QW-0148"")",,,,,"=HYPERLINK(""https://www.sigmaaldrich.com/US/en/product/aldrich/CDS023989"",""CDS023989"")",,"=HYPERLINK(""http://www.ambeed.com/search/Search.html?keyword=A188229"",""A188229"")",,,,
Clc1nccc(Nc2ccccc2)n1,26898639,"=HYPERLINK(""http://www.combi-blocks.com/cgi-bin/find.cgi?QY-8231"",""QY-8231"")",,,,"=HYPERLINK(""http://astatechinc.com/CPSResult.php?CRNO=W11556"",""W11556"")",,,,"=HYPERLINK(""https://www.aablocks.com/prod/AA002FDT"",""AA002FDT"")",,,
COc1ccc(Nc2nnc(C)s2)cc1,6703714,,,,,,"=HYPERLINK(""https://www.sigmaaldrich.com/US/en/product/aldrich/T310794"",""T310794"")",,,,,,
Clc1ccc(Nc2ccccc2)nn1,553773,,,,"=HYPERLINK(""https://www.enaminestore.com/catalog/EN300-234234"",""EN300-234234"")",,,,,,,,
Cc1cccc(Nc2nnc(S)s2)c1,1735995,,,,"=HYPERLINK(""https://www.enaminestore.com/catalog/EN300-03325"",""EN300-03325"")",,,,,"=HYPERLINK(""https://www.aablocks.com/prod/AA00E2G1"",""AA00E2G1"")",,,
COC(=O)c1ncsc1Nc1ccccc1,196323322,,,,"=HYPERLINK(""https://www.enaminestore.com/catalog/EN300-79866"",""EN300-79866"")",,,,,"=HYPERLINK(""https://www.aablocks.com/prod/AA01AJ3C"",""AA01AJ3C"")",,,
COc1ccc(Nc2n[nH]c(=S)s2)cc1,5324236,,,,"=HYPERLINK(""https://www.enaminestore.com/catalog/EN300-03330"",""EN300-03330"")",,,,,,,,
COc1ccc(Nc2cc(C)ncn2)cc1,265271,,,,,"=HYPERLINK(""http://astatechinc.com/CPSResult.php?CRNO=W12074"",""W12074"")","=HYPERLINK(""https://www.sigmaaldrich.com/US/en/product/aldrich/R900699"",""R900699"")",,,"=HYPERLINK(""https://www.aablocks.com/prod/AA019EKS"",""AA019EKS"")",,,
Clc1cc(Nc2ccccc2)ncn1,40431918,,,,"=HYPERLINK(""https://www.enaminestore.com/catalog/EN300-269961"",""EN300-269961"")",,,,,"=HYPERLINK(""https://www.aablocks.com/prod/AA00FG0V"",""AA00FG0V"")",,,
Cc1ccc(Nc2nc(C)c(C)c(=O)[nH]2)c(C)c1,66324450,"=HYPERLINK(""http://www.combi-blocks.com/cgi-bin/find.cgi?QY-8902"",""QY-8902"")",,,,,,,,,,,
COc1cccc(Nc2cccnc2)c1,82714520,,,,,,,,,,"=HYPERLINK(""http://www.achemblock.com/catalogsearch/result/?q=Q69708"",""Q69708"")",,
CCOC(=O)c1cnc(Nc2nc3ccccc3[nH]2)[nH]c1=O,90470861,,,,,"=HYPERLINK(""http://astatechinc.com/CPSResult.php?CRNO=AC5135"",""AC5135"")",,,,,,,
CCn1cnc2c(Nc3cc(F)cc(F)c3)nc(C#N)nc21,36379291,,,,,,,,,,"=HYPERLINK(""http://www.achemblock.com/catalogsearch/result/?q=Q70181"",""Q70181"")",,
CC(=O)c1ccc(Nc2c(C)n(C)n(-c3ccccc3)c2=O)cc1,3372955,,,,"=HYPERLINK(""https://www.enaminestore.com/catalog/EN300-05749"",""EN300-05749"")",,,,,,,,
c1cncc(Nc2ncc(-c3ccncn3)c(-c3ccco3)n2)c1,13981593,,,"=HYPERLINK(""https://aksci.com/item_detail.php?cat=Y1268"",""Y1268"")",,,,,,,,,
COc1cnc(-c2ccccn2)nc1Nc1ccc2cn[nH]c2c1,95802933,"=HYPERLINK(""http://www.combi-blocks.com/cgi-bin/find.cgi?QK-7668"",""QK-7668"")",,,,"=HYPERLINK(""http://astatechinc.com/CPSResult.php?CRNO=83339"",""83339"")",,,,,,,
CC(C)S(=O)(=O)c1ccccc1Nc1ccnc(Cl)n1,116336096,,,,,"=HYPERLINK(""http://astatechinc.com/CPSResult.php?CRNO=C13104"",""C13104"")",,,,,,,
COC(=O)c1ccc(C)c(Nc2nccc(-c3cccnc3)n2)c1,66352022,,,,,"=HYPERLINK(""http://astatechinc.com/CPSResult.php?CRNO=84787"",""84787"")",,,,,,,
CC(C)(C)OC(=O)N1CCc2[nH]nc(Nc3ccccc3)c2C1,19083237,,,,,"=HYPERLINK(""http://astatechinc.com/CPSResult.php?CRNO=97904"",""97904"")",,,,,,,
Cc1ccc2c(C)nc(Nc3nc(C)cc(=O)[nH]3)nc2c1,9111401,"=HYPERLINK(""http://www.combi-blocks.com/cgi-bin/find.cgi?QY-6678"",""QY-6678"")","=HYPERLINK(""https://www.matrixscientific.com/080517.html"",""080517"")",,,,,,,,,,
COC(=O)c1cnc(Nc2cc(Cl)nc(C)n2)s1,140388813,,,,,"=HYPERLINK(""http://astatechinc.com/CPSResult.php?CRNO=F31335"",""F31335"")",,,,,,,
Cc1cc(=O)[nH]c(Nc2nc(C)c3cccc(C)c3n2)n1,5014384,"=HYPERLINK(""http://www.combi-blocks.com/cgi-bin/find.cgi?QZ-6198"",""QZ-6198"")",,,,,,,,,,,
Brc1cnc(Nc2ccncc2)nc1,1496961,"=HYPERLINK(""http://www.combi-blocks.com/cgi-bin/find.cgi?QC-8576"",""QC-8576"")",,,,"=HYPERLINK(""http://astatechinc.com/CPSResult.php?CRNO=83222"",""83222"")",,,,,,,
O=C1c2ccccc2C(=O)c2sc(Nc3cccnc3)nc21,72194233,,,,,,,,,,,,"=HYPERLINK(""https://www.biosynth.com/en/products/life-science/other-biochemicals/products/W-205361"",""W-205361"")"
COc1cc2ncnc(Nc3cccc(C#N)c3)c2cc1OC,95586969,"=HYPERLINK(""http://www.combi-blocks.com/cgi-bin/find.cgi?QM-5021"",""QM-5021"")",,,,,,,,,,,
Cc1nc(Nc2ccc(Oc3ccccc3)cc2)[nH]c(=O)c1C,66324454,"=HYPERLINK(""http://www.combi-blocks.com/cgi-bin/find.cgi?QY-3626"",""QY-3626"")",,,,,,,,,,,
c1ccc(Nc2nn(-c3ccccc3)c[n+]2-c2ccccc2)cc1,12358841,"=HYPERLINK(""http://www.combi-blocks.com/cgi-bin/find.cgi?QC-5875"",""QC-5875"")",,"=HYPERLINK(""https://aksci.com/item_detail.php?cat=6550AF"",""6550AF"")",,,"=HYPERLINK(""https://www.sigmaaldrich.com/US/en/product/aldrich/243264"",""243264"")","=HYPERLINK(""https://www.alfa.com/en/catalog/A17809"",""A17809"")",,,,,
CC(=O)c1cnc(Nc2nc(C)c3cc(C)cc(C)c3n2)nc1C,10157433,"=HYPERLINK(""http://www.combi-blocks.com/cgi-bin/find.cgi?QZ-6528"",""QZ-6528"")",,,,,,,,,,,
COc1ccc(OCc2nnc(Nc3ccccc3)s2)cc1,6625001,,,,,,"=HYPERLINK(""https://www.sigmaaldrich.com/US/en/product/aldrich/L122521"",""L122521"")",,,,,,
Cc1nc(Nc2ccc(F)cc2)[nH]c(=O)c1Cc1ccccc1,41595799,"=HYPERLINK(""http://www.combi-blocks.com/cgi-bin/find.cgi?QY-3998"",""QY-3998"")",,,,,,,,,,,
Cc1ccc(Nc2nc(C)c(Cc3ccccc3)c(=O)[nH]2)cc1,16809585,"=HYPERLINK(""http://www.combi-blocks.com/cgi-bin/find.cgi?QZ-6878"",""QZ-6878"")",,,,,,,,,,,
CCOc1ccccc1Nc1nnc(S)s1,5686538,,,,"=HYPERLINK(""https://www.enaminestore.com/catalog/EN300-03398"",""EN300-03398"")",,,,,,,,
CCOC(=O)c1c(C)n[nH]c1Nc1ccc(OC)cc1,5386708,,,,,,"=HYPERLINK(""https://www.sigmaaldrich.com/US/en/product/aldrich/S934666"",""S934666"")",,,,,,
CCc1ccc(Nc2nc(C)c(CC)c(=O)[nH]2)cc1,66324455,"=HYPERLINK(""http://www.combi-blocks.com/cgi-bin/find.cgi?QY-3069"",""QY-3069"")",,,,,,,,,,,
Brc1ccnc(Nc2ccccn2)c1,95775860,,,,"=HYPERLINK(""https://www.enaminestore.com/catalog/EN300-170186"",""EN300-170186"")",,,,,,,,
COC(=O)c1ccc(Nc2nccc(Cl)n2)cc1,200991779,,,,,"=HYPERLINK(""http://astatechinc.com/CPSResult.php?CRNO=S11692"",""S11692"")",,,,,,,
Cc1cc(C)c2nc(Nc3nc(C)cc(=O)[nH]3)nc(C)c2c1,95883201,"=HYPERLINK(""http://www.combi-blocks.com/cgi-bin/find.cgi?QY-4909"",""QY-4909"")",,,,,,,,,,,
Cn1ncc2c(Nc3ccccc3)nc(Cl)nc21,16837595,,,,,,,,,,"=HYPERLINK(""http://www.achemblock.com/catalogsearch/result/?q=L19277"",""L19277"")",,
COc1ccc(Nc2nc(Cl)nc3c2cnn3C)cc1,21778336,,,,,,"=HYPERLINK(""https://www.sigmaaldrich.com/US/en/product/aldrich/CDS023690"",""CDS023690"")",,,,,,
Clc1nc(Nc2cc(C3CC3)[nH]n2)c2cccn2n1,95698981,,,,,"=HYPERLINK(""http://astatechinc.com/CPSResult.php?CRNO=P16274"",""P16274"")",,,,,"=HYPERLINK(""http://www.achemblock.com/catalogsearch/result/?q=L18236"",""L18236"")",,
Cc1ccnc(Nc2nc(-c3cn[nH]c3)c(C)s2)n1,72188048,,,,,"=HYPERLINK(""http://astatechinc.com/CPSResult.php?CRNO=A11684"",""A11684"")",,,,"=HYPERLINK(""https://www.aablocks.com/prod/AA000KNT"",""AA000KNT"")","=HYPERLINK(""http://www.achemblock.com/catalogsearch/result/?q=M22544"",""M22544"")",,
COc1ccccc1Nc1ncc(Br)cn1,71630694,,,,"=HYPERLINK(""https://www.enaminestore.com/catalog/EN300-134553"",""EN300-134553"")",,,,,,,,
COc1cccc(Nc2nc(Cl)nc3[nH]cnc23)c1,40937719,,,,"=HYPERLINK(""https://www.enaminestore.com/catalog/EN300-252845"",""EN300-252845"")",,,,,,,,
CCOC(=O)c1c(Nc2ccccc2)nn(C)c1C,39648398,,,,,,"=HYPERLINK(""https://www.sigmaaldrich.com/US/en/product/aldrich/T134996"",""T134996"")",,,,,,
COc1ccc(C)cc1Nc1nnc(S)s1,6183889,,,,"=HYPERLINK(""https://www.enaminestore.com/catalog/EN300-03138"",""EN300-03138"")",,,,,"=HYPERLINK(""https://www.aablocks.com/prod/AA00I7E9"",""AA00I7E9"")",,,
COc1cnc(Cl)nc1Nc1ccc2cn[nH]c2c1,95802926,"=HYPERLINK(""http://www.combi-blocks.com/cgi-bin/find.cgi?QD-2202"",""QD-2202"")",,,,"=HYPERLINK(""http://astatechinc.com/CPSResult.php?CRNO=83316"",""83316"")",,,,,,,
COc1ccc(Nc2ccnc(Cl)n2)c(OC)c1,36472499,,,,,"=HYPERLINK(""http://astatechinc.com/CPSResult.php?CRNO=W18018"",""W18018"")",,,,"=HYPERLINK(""https://www.aablocks.com/prod/AA019EX9"",""AA019EX9"")","=HYPERLINK(""http://www.achemblock.com/catalogsearch/result/?q=P51009"",""P51009"")",,
COc1ccc(Nc2cc(Cl)ncn2)c(OC)c1,40431960,,,,"=HYPERLINK(""https://www.enaminestore.com/catalog/EN300-122924"",""EN300-122924"")",,,,,"=HYPERLINK(""https://www.aablocks.com/prod/AA01A3KQ"",""AA01A3KQ"")",,,
Brc1cnc(Nc2ccccc2)nc1,1495463,"=HYPERLINK(""http://www.combi-blocks.com/cgi-bin/find.cgi?PY-7996"",""PY-7996"")",,,"=HYPERLINK(""https://www.enaminestore.com/catalog/EN300-5017722"",""EN300-5017722"")","=HYPERLINK(""http://astatechinc.com/CPSResult.php?CRNO=30031"",""30031"")",,,,"=HYPERLINK(""https://www.aablocks.com/prod/AA00GS1W"",""AA00GS1W"")",,,"=HYPERLINK(""https://www.biosynth.com/en/products/life-science/other-biochemicals/products/J-501558"",""J-501558"")"
CCOc1ccc(Nc2nc(C)c(C)c(=O)[nH]2)cc1,13637053,"=HYPERLINK(""http://www.combi-blocks.com/cgi-bin/find.cgi?QZ-3942"",""QZ-3942"")",,,,,,,,,,,
COC(=O)c1cnc(Nc2cccc(C)c2)nc1C,72406628,"=HYPERLINK(""http://www.combi-blocks.com/cgi-bin/find.cgi?QY-3619"",""QY-3619"")",,,,,,,,,,,
Cc1cc(Nc2nccs2)n2c(nc3ccccc32)c1C#N,408524,,,,,,"=HYPERLINK(""https://www.sigmaaldrich.com/US/en/product/aldrich/R633925"",""R633925"")",,,,,,
CC1(C)OB(c2cnc(Nc3ccccc3)nc2)OC1(C)C,169904995,"=HYPERLINK(""http://www.combi-blocks.com/cgi-bin/find.cgi?PN-5935"",""PN-5935"")",,,,,"=HYPERLINK(""https://www.sigmaaldrich.com/US/en/product/aldrich/CDS023835"",""CDS023835"")",,,"=HYPERLINK(""https://www.aablocks.com/prod/AA003T8B"",""AA003T8B"")",,,
N#Cc1cccc(Nc2nc(Cl)nc(Cl)n2)c1,152821,,,,,,,,,,,,"=HYPERLINK(""https://www.biosynth.com/en/products/life-science/other-biochemicals/products/W-205647"",""W-205647"")"
CCOC(=O)c1csc(Nc2ccc(OC)cc2)n1,4245005,,,,"=HYPERLINK(""https://www.enaminestore.com/catalog/EN300-82196"",""EN300-82196"")",,,,,"=HYPERLINK(""https://www.aablocks.com/prod/AA000STA"",""AA000STA"")",,,
Cc1nc(Nc2ccccc2)[nH]c(=O)c1Cc1ccccc1,9939338,"=HYPERLINK(""http://www.combi-blocks.com/cgi-bin/find.cgi?QZ-3145"",""QZ-3145"")",,,,,,,,,,,
Cc1ccc(Nc2ncc(Br)cn2)cc1,67119667,,,,"=HYPERLINK(""https://www.enaminestore.com/catalog/EN300-314875"",""EN300-314875"")",,,,,"=HYPERLINK(""https://www.aablocks.com/prod/AA01BV8X"",""AA01BV8X"")",,,
CCOC(=O)c1sc(Nc2ccccc2)nc1C,9329040,,,,"=HYPERLINK(""https://www.enaminestore.com/catalog/EN300-36852"",""EN300-36852"")",,,,,"=HYPERLINK(""https://www.aablocks.com/prod/AA019MMB"",""AA019MMB"")",,,
COC(=O)c1cc2[nH]cnc2c(F)c1Nc1ccccc1,31773309,,,,,"=HYPERLINK(""http://astatechinc.com/CPSResult.php?CRNO=F15218"",""F15218"")",,,,,,,
COC(=O)c1cc2c(ncn2C)c(F)c1Nc1ccccc1,202329077,,,,,"=HYPERLINK(""http://astatechinc.com/CPSResult.php?CRNO=C11736"",""C11736"")",,,,,,,
CC1(c2cccc(Nc3ccnc(Cl)n3)c2)OCCO1,98213658,,,,"=HYPERLINK(""https://www.enaminestore.com/catalog/EN300-1698682"",""EN300-1698682"")",,,,,,"=HYPERLINK(""http://www.achemblock.com/catalogsearch/result/?q=L19831"",""L19831"")",,
CCOC(=O)c1cnc(Nc2ccc(C)cc2)nc1C,14607440,"=HYPERLINK(""http://www.combi-blocks.com/cgi-bin/find.cgi?QZ-8458"",""QZ-8458"")",,,,,,,,,,,
Cc1c2ccc(Nc3ccnc(Cl)n3)cc2nn1C,35976996,,,"=HYPERLINK(""https://aksci.com/item_detail.php?cat=X3179"",""X3179"")",,"=HYPERLINK(""http://astatechinc.com/CPSResult.php?CRNO=F11990"",""F11990"")",,,,,,,
CCOc1ccc(Nc2n[nH]c(=S)s2)cc1,5270681,,,,"=HYPERLINK(""https://www.enaminestore.com/catalog/EN300-03280"",""EN300-03280"")",,,,,"=HYPERLINK(""https://www.aablocks.com/prod/AA006E4R"",""AA006E4R"")",,,
Cc1cc(Nc2ccc(Cl)nn2)n(-c2ccccc2)n1,2650242,,,,"=HYPERLINK(""https://www.enaminestore.com/catalog/EN300-08902"",""EN300-08902"")",,,,,,,,
COc1ccc(OC)c(Nc2nc(C)c(C(C)=O)s2)c1,440433,,,,,,,,,,,,"=HYPERLINK(""https://www.biosynth.com/en/products/life-science/other-biochemicals/products/J-502872"",""J-502872"")"
Cn1nc(Nc2ccccc2)s/c1=N\c1ccccc1,71773606,,,,,,"=HYPERLINK(""https://www.sigmaaldrich.com/US/en/product/aldrich/PH006549"",""PH006549"")",,,,,,
CCCCc1ccc2nc(Nc3nc(C)cc(=O)[nH]3)[nH]c2c1,32265912,,,,,,"=HYPERLINK(""https://www.sigmaaldrich.com/US/en/product/aldrich/PH005565"",""PH005565"")",,,,,,
Cc1cc(F)cc(Nc2ncc(Br)cn2)c1,91526966,,,,"=HYPERLINK(""https://www.enaminestore.com/catalog/EN300-296027"",""EN300-296027"")",,,,,"=HYPERLINK(""https://www.aablocks.com/prod/AA01B465"",""AA01B465"")",,,
c1ccc(Nc2nnc(-c3cccnc3)s2)cc1,1257835,,"=HYPERLINK(""https://www.matrixscientific.com/039887.html"",""039887"")",,,,,,,,,,
COc1cccc(Nc2nc3c(Cl)ncnc3s2)c1,71257063,"=HYPERLINK(""http://www.combi-blocks.com/cgi-bin/find.cgi?QA-4101"",""QA-4101"")",,,,,,,,,,,
Fc1cccc(Nc2ncc(Br)cn2)c1,71599523,,,,"=HYPERLINK(""https://www.enaminestore.com/catalog/EN300-295430"",""EN300-295430"")",,,,,"=HYPERLINK(""https://www.aablocks.com/prod/AA01B3WX"",""AA01B3WX"")",,,
N#COc1ccc(Nc2ccc(OC#N)cc2)cc1,392554,,,,,,"=HYPERLINK(""https://www.sigmaaldrich.com/US/en/product/aldrich/S226823"",""S226823"")",,,,,,
Fc1ccc(Nc2nc(Cl)nc(Cl)n2)cc1,2160541,,,,,,,"=HYPERLINK(""https://www.alfa.com/en/catalog/H50548"",""H50548"")",,,,,
CCc1cccc(C)c1Nc1nnc(S)s1,6649965,,,,"=HYPERLINK(""https://www.enaminestore.com/catalog/EN300-15012"",""EN300-15012"")",,,,,"=HYPERLINK(""https://www.aablocks.com/prod/AA00GUAT"",""AA00GUAT"")",,,
COc1cc2ncnc(Nc3ccccc3)c2cc1OC,116934,"=HYPERLINK(""http://www.combi-blocks.com/cgi-bin/find.cgi?QM-5005"",""QM-5005"")",,,,,,,,,"=HYPERLINK(""http://www.achemblock.com/catalogsearch/result/?q=O33727"",""O33727"")",,
CCOC(=O)c1ncsc1Nc1ccc(C)cc1,71201787,,,,"=HYPERLINK(""https://www.enaminestore.com/catalog/EN300-298910"",""EN300-298910"")",,,,,,,,
Cc1cc(Cl)nc(Nc2nc3ccccc3[nH]2)n1,13216525,,,,,"=HYPERLINK(""http://astatechinc.com/CPSResult.php?CRNO=AC6120"",""AC6120"")",,,,,,,
COC(=O)c1ccc(Nc2ccc(C(=O)OC)cc2)cc1,35050306,,,,,"=HYPERLINK(""http://astatechinc.com/CPSResult.php?CRNO=AC4699"",""AC4699"")",,,,,,,
N#Cc1ccc(Nc2nc(Cl)cc(Cl)n2)cc1,40435086,"=HYPERLINK(""http://www.combi-blocks.com/cgi-bin/find.cgi?QB-7021"",""QB-7021"")",,"=HYPERLINK(""https://aksci.com/item_detail.php?cat=W5466"",""W5466"")",,"=HYPERLINK(""http://astatechinc.com/CPSResult.php?CRNO=74308"",""74308"")",,,,,,,
CCOC(=O)c1ccc(Nc2cccc(C#N)c2)cc1,2527488,"=HYPERLINK(""http://www.combi-blocks.com/cgi-bin/find.cgi?QA-7979"",""QA-7979"")",,,,"=HYPERLINK(""http://astatechinc.com/CPSResult.php?CRNO=67457"",""67457"")",,,,"=HYPERLINK(""https://www.aablocks.com/prod/AA006YBE"",""AA006YBE"")",,,
CCc1cccc(CC)c1Nc1nnc(S)s1,7718464,,,,"=HYPERLINK(""https://www.enaminestore.com/catalog/EN300-15243"",""EN300-15243"")",,,,,"=HYPERLINK(""https://www.aablocks.com/prod/AA019M5I"",""AA019M5I"")",,,
CC(C)Oc1ccc(Nc2ccnc(Cl)n2)cc1,51849185,"=HYPERLINK(""http://www.combi-blocks.com/cgi-bin/find.cgi?QA-9135"",""QA-9135"")",,,,,,,,,,,
S=c1[nH]nc(Nc2ccccc2)n1-c1ccccc1,2472777,"=HYPERLINK(""http://www.combi-blocks.com/cgi-bin/find.cgi?QZ-0804"",""QZ-0804"")",,,,,"=HYPERLINK(""https://www.sigmaaldrich.com/US/en/product/aldrich/S48624"",""S48624"")",,,,,,
Cc1ccccc1Nc1nc2c(Cl)ncnc2s1,71257062,"=HYPERLINK(""http://www.combi-blocks.com/cgi-bin/find.cgi?QA-4083"",""QA-4083"")",,,,"=HYPERLINK(""http://astatechinc.com/CPSResult.php?CRNO=N13067"",""N13067"")",,,,,,,
O=C(c1ccccc1)c1nnsc1Nc1ccccc1,71772073,,,,,,"=HYPERLINK(""https://www.sigmaaldrich.com/US/en/product/aldrich/PH005732"",""PH005732"")",,,,,,
Brc1cnc(Nc2ccccc2)s1,39212468,,,,,"=HYPERLINK(""http://astatechinc.com/CPSResult.php?CRNO=O11390"",""O11390"")",,,,,,,
CSc1cccc(Nc2ccnc(Cl)n2)c1,54917663,,,,,"=HYPERLINK(""http://astatechinc.com/CPSResult.php?CRNO=W10446"",""W10446"")",,,,,,,
Cc1ccc(Nc2nc3ccc(C)cc3c(=O)o2)cc1,382826,,,,,"=HYPERLINK(""http://astatechinc.com/CPSResult.php?CRNO=C16537"",""C16537"")",,,,,"=HYPERLINK(""http://www.achemblock.com/catalogsearch/result/?q=10736"",""10736"")",,
CCOc1ccc(Nc2cc(C)nc(Cl)n2)cc1,13534099,,"=HYPERLINK(""https://www.matrixscientific.com/034264.html"",""034264"")",,,,,,,,,,
CCCCc1ccc(Nc2nnc(S)s2)cc1,6146661,,,,"=HYPERLINK(""https://www.enaminestore.com/catalog/EN300-03470"",""EN300-03470"")",,,,,"=HYPERLINK(""https://www.aablocks.com/prod/AA00ICIU"",""AA00ICIU"")",,,
c1ccc(Nc2nc(-c3ccccc3)ns2)cc1,6962136,,,,"=HYPERLINK(""https://www.enaminestore.com/catalog/EN300-28891"",""EN300-28891"")",,,,,,,,
COc1ccc(Nc2nc(Cl)cc(Cl)n2)cc1,12741221,,,,"=HYPERLINK(""https://www.enaminestore.com/catalog/EN300-177521"",""EN300-177521"")",,,,,,,,
Fc1ccccc1Nc1nc2c(Cl)ncnc2s1,71257061,"=HYPERLINK(""http://www.combi-blocks.com/cgi-bin/find.cgi?QA-4076"",""QA-4076"")",,,,,,,,,,,
COc1ccc(Nc2ccc3ccccc3n2)cc1,59280144,"=HYPERLINK(""http://www.combi-blocks.com/cgi-bin/find.cgi?QV-6758"",""QV-6758"")",,,,"=HYPERLINK(""http://astatechinc.com/CPSResult.php?CRNO=F51670"",""F51670"")",,,,,,,
CC(C)Oc1ccc(Nc2cc(Cl)ncn2)cc1,48631106,"=HYPERLINK(""http://www.combi-blocks.com/cgi-bin/find.cgi?QA-3199"",""QA-3199"")",,,,,,,,,,,
CCOc1ccc(Nc2nc(C)c(C(C)=O)s2)cc1,64022,,,,,,"=HYPERLINK(""https://www.sigmaaldrich.com/US/en/product/aldrich/R623768"",""R623768"")",,,,,,
Clc1ncc(Br)c(Nc2ccccc2)n1,26898624,,,,,"=HYPERLINK(""http://astatechinc.com/CPSResult.php?CRNO=W18488"",""W18488"")",,,,,,,
CC(C)c1ccc(Nc2nnc(S)s2)cc1,3243420,,,,"=HYPERLINK(""https://www.enaminestore.com/catalog/EN300-03061"",""EN300-03061"")",,,,,"=HYPERLINK(""https://www.aablocks.com/prod/AA019H7Q"",""AA019H7Q"")",,,
COC(=O)c1ccccc1Nc1cccc(C)c1C,2003714,"=HYPERLINK(""http://www.combi-blocks.com/cgi-bin/find.cgi?QY-6631"",""QY-6631"")",,,,,"=HYPERLINK(""https://www.sigmaaldrich.com/US/en/product/aldrich/PH006200"",""PH006200"")",,,,,,
Cc1ccc(Nc2nc3c(Cl)ncnc3s2)cc1,26896949,"=HYPERLINK(""http://www.combi-blocks.com/cgi-bin/find.cgi?OR-7784"",""OR-7784"")",,,,,,,,,,,
COc1ccc(Nc2ccn(-c3ccccc3)n2)cc1,3938,"=HYPERLINK(""http://www.combi-blocks.com/cgi-bin/find.cgi?QC-9476"",""QC-9476"")",,,,"=HYPERLINK(""http://astatechinc.com/CPSResult.php?CRNO=FD7168"",""FD7168"")",,,,,,,
Fc1ccc(Nc2nc(Cl)ncc2Cl)cc1,86621779,,,,"=HYPERLINK(""https://www.enaminestore.com/catalog/EN300-384009"",""EN300-384009"")",,,,,,,,
CC(C)(C)c1ccc(Nc2ncccc2C(N)=S)cc1,21035208,,,,"=HYPERLINK(""https://www.enaminestore.com/catalog/EN300-80297"",""EN300-80297"")",,,,,,,,
Cc1cnc(Nc2ccc3cnccc3c2)cc1F,953049940,,,,,"=HYPERLINK(""http://astatechinc.com/CPSResult.php?CRNO=W16456"",""W16456"")",,,,,,,
N#Cc1cnc(Nc2ccc(F)c(F)c2)c(Cl)c1,57218409,,,,"=HYPERLINK(""https://www.enaminestore.com/catalog/EN300-65080"",""EN300-65080"")",,,,,,,,
CCCn1c(Nc2cccc(C)c2)nc2c1c(=O)n(C)c(=O)n2C,300733,,,,,,"=HYPERLINK(""https://www.sigmaaldrich.com/US/en/product/aldrich/R841412"",""R841412"")",,,,,,
CCOC(=O)c1cnc(Nc2nc3ccccc3o2)[nH]c1=O,5884315,,,,,"=HYPERLINK(""http://astatechinc.com/CPSResult.php?CRNO=AC6571"",""AC6571"")",,,,,,,
COc1ccc2c(C)nc(Nc3nc(=O)c(C)c(C)[nH]3)nc2c1,8838164,"=HYPERLINK(""http://www.combi-blocks.com/cgi-bin/find.cgi?QW-4668"",""QW-4668"")",,,,"=HYPERLINK(""http://astatechinc.com/CPSResult.php?CRNO=C74930"",""C74930"")",,,,,"=HYPERLINK(""http://www.achemblock.com/catalogsearch/result/?q=Q65750"",""Q65750"")",,
COc1ccc2cc(Nc3nc(F)nc(F)n3)c(=O)oc2c1,34317647,,,,,,,,,,,,"=HYPERLINK(""https://www.biosynth.com/en/products/life-science/other-biochemicals/products/J-100121"",""J-100121"")"
Cc1nccc(Nc2cc(B3OC(C)(C)C(C)(C)O3)ccn2)n1,1776010949,,,,,,,,,,"=HYPERLINK(""http://www.achemblock.com/catalogsearch/result/?q=Q69794"",""Q69794"")",,
COC(=O)c1ccc(Nc2oc(C)cc(=O)c2C(C)=O)cc1,2581689,,,,,,"=HYPERLINK(""https://www.sigmaaldrich.com/US/en/product/aldrich/L124710"",""L124710"")",,,,,,
Cc1nc(Nc2nc(=O)c3ccccc3[nH]2)nc2ccccc12,18193432,"=HYPERLINK(""http://www.combi-blocks.com/cgi-bin/find.cgi?QY-6719"",""QY-6719"")",,,,,,,,,,,
CCOC(=O)c1n[nH]c(Nc2ccccc2)c1C(=O)OCC,6750547,,,,,,"=HYPERLINK(""https://www.sigmaaldrich.com/US/en/product/aldrich/T134988"",""T134988"")",,,,,,
COc1ccc(Nc2ncnc3cc(OC)c(OC)cc23)cc1OC,3815333,"=HYPERLINK(""http://www.combi-blocks.com/cgi-bin/find.cgi?QM-5022"",""QM-5022"")",,,,"=HYPERLINK(""http://astatechinc.com/CPSResult.php?CRNO=F11480"",""F11480"")",,,,,,,
CC1(C)OC(=O)C(=Cc2ccc(Nc3ccc(F)cc3)o2)C(=O)O1,2532410,,,,,,"=HYPERLINK(""https://www.sigmaaldrich.com/US/en/product/aldrich/L306940"",""L306940"")",,,,,,
C=CCc1c(C)nc(Nc2nc(C)c3cc(C)c(C)cc3n2)[nH]c1=O,9936629,"=HYPERLINK(""http://www.combi-blocks.com/cgi-bin/find.cgi?QZ-4508"",""QZ-4508"")",,,,,,,,,,,
CCOC(=O)c1ccc(C)c(Nc2nccc(-c3cccnc3)n2)c1,35569908,"=HYPERLINK(""http://www.combi-blocks.com/cgi-bin/find.cgi?QV-9300"",""QV-9300"")",,,,"=HYPERLINK(""http://astatechinc.com/CPSResult.php?CRNO=S10724"",""S10724"")",,,"=HYPERLINK(""http://www.ambeed.com/search/Search.html?keyword=A230580"",""A230580"")",,,,"=HYPERLINK(""https://www.biosynth.com/en/products/life-science/other-biochemicals/products/Q-101349"",""Q-101349"")"
CC(C)S(=O)(=O)c1ccccc1Nc1nc(Cl)ncc1Cl,85223771,"=HYPERLINK(""http://www.combi-blocks.com/cgi-bin/find.cgi?QC-2439"",""QC-2439"")",,,,"=HYPERLINK(""http://astatechinc.com/CPSResult.php?CRNO=61824"",""61824"")",,,"=HYPERLINK(""http://www.ambeed.com/search/Search.html?keyword=A232353"",""A232353"")",,"=HYPERLINK(""http://www.achemblock.com/catalogsearch/result/?q=K12246"",""K12246"")",,
COC(=O)c1cc(Nc2nc3ccccc3s2)cc(C(=O)OC)c1,2565324,,,,,,"=HYPERLINK(""https://www.sigmaaldrich.com/US/en/product/aldrich/L201650"",""L201650"")",,,,,,
N#Cc1c2c(c(Nc3ccncc3)n3c1nc1ccccc13)CCC2,183193,,,,,,"=HYPERLINK(""https://www.sigmaaldrich.com/US/en/product/aldrich/R827924"",""R827924"")",,,,,,
Cn1c(=O)c2c(nc(Nc3ccccc3)n2Cc2ccccc2)n(C)c1=O,638030,,,,,,"=HYPERLINK(""https://www.sigmaaldrich.com/US/en/product/aldrich/R143286"",""R143286"")",,,,,,
COc1ccc(Nc2nc3c(c(=O)n(C)c(=O)n3C)n2Cc2ccccc2)cc1,637733,,,,,,"=HYPERLINK(""https://www.sigmaaldrich.com/US/en/product/aldrich/R139556"",""R139556"")",,,,,,
COc1ccc(Cn2c(=O)n(C)c(=O)c3c(Nc4ccccc4)n[nH]c32)cc1,165957122,"=HYPERLINK(""http://www.combi-blocks.com/cgi-bin/find.cgi?QV-9598"",""QV-9598"")",,,,"=HYPERLINK(""http://astatechinc.com/CPSResult.php?CRNO=W11959"",""W11959"")",,,,"=HYPERLINK(""https://www.aablocks.com/prod/AA00HDLR"",""AA00HDLR"")",,,
Cc1cccc(Nc2nc3c(c(=O)n(C)c(=O)n3C)n2Cc2ccccc2)c1,634712,,,,,,"=HYPERLINK(""https://www.sigmaaldrich.com/US/en/product/aldrich/R841420"",""R841420"")",,,,,,
Cc1ccc(Nc2nc3c(c(=O)n(C)c(=O)n3C)n2Cc2ccccc2)cc1,638238,,,,,,"=HYPERLINK(""https://www.sigmaaldrich.com/US/en/product/aldrich/R146307"",""R146307"")",,,,,,
CCc1ccc(Nc2nc3c(c(=O)n(C)c(=O)n3C)n2Cc2ccccc2)cc1,637476,,,,,,"=HYPERLINK(""https://www.sigmaaldrich.com/US/en/product/aldrich/R138401"",""R138401"")",,,,,,
Cc1ncc(-c2ccnc(Nc3ccc(S(C)(=O)=O)cc3)n2)n1C(C)C,40442496,,,,,"=HYPERLINK(""http://astatechinc.com/CPSResult.php?CRNO=40668"",""40668"")",,,,,"=HYPERLINK(""http://www.achemblock.com/catalogsearch/result/?q=10279"",""10279"")",,
COCCOc1cc2ncnc(Nc3ccccc3)c2cc1OCCOC,202544442,"=HYPERLINK(""http://www.combi-blocks.com/cgi-bin/find.cgi?QV-9106"",""QV-9106"")",,,,"=HYPERLINK(""http://astatechinc.com/CPSResult.php?CRNO=V10170"",""V10170"")","=HYPERLINK(""https://www.sigmaaldrich.com/US/en/product/aldrich/VBP00237"",""VBP00237"")",,,,,,
COc1ccc(Nc2nc(I)ncc2Cl)c(OC)c1,230534441,,,,,"=HYPERLINK(""http://astatechinc.com/CPSResult.php?CRNO=N10264"",""N10264"")",,,,,,,
O=c1c(/C=N/Cc2cccnc2)c(Nc2ccccc2)nc2ccccn12,2294598,,,,,,"=HYPERLINK(""https://www.sigmaaldrich.com/US/en/product/aldrich/R799165"",""R799165"")",,,,,,
Cc1nn(C)c2nc3ccccc3c(Nc3ccc(S(C)(=O)=O)cc3)c12,632768,,,,,,"=HYPERLINK(""https://www.sigmaaldrich.com/US/en/product/aldrich/R545988"",""R545988"")",,,,,,
C#Cc1cccc(Nc2ncnc3cc(OCCOC)c(OCCOC)cc23)c1,1546066,"=HYPERLINK(""http://www.combi-blocks.com/cgi-bin/find.cgi?QB-0629"",""QB-0629"")",,"=HYPERLINK(""https://aksci.com/item_detail.php?cat=J10200"",""J10200"")","=HYPERLINK(""https://www.enaminestore.com/catalog/EN300-123054"",""EN300-123054"")","=HYPERLINK(""http://astatechinc.com/CPSResult.php?CRNO=40204"",""40204"")","=HYPERLINK(""https://www.sigmaaldrich.com/US/en/product/aldrich/CDS022564"",""CDS022564"")",,"=HYPERLINK(""http://www.ambeed.com/search/Search.html?keyword=A121900"",""A121900"")","=HYPERLINK(""https://www.aablocks.com/prod/AA0027FC"",""AA0027FC"")","=HYPERLINK(""http://www.achemblock.com/catalogsearch/result/?q=G-5803"",""G"")",,
C#Cc1cccc(Nc2ncnc3cc4c(cc23)OCCOCCOCCO4)c1,43207566,,,,,"=HYPERLINK(""http://astatechinc.com/CPSResult.php?CRNO=40667"",""40667"")",,,"=HYPERLINK(""http://www.ambeed.com/search/Search.html?keyword=A120776"",""A120776"")",,"=HYPERLINK(""http://www.achemblock.com/catalogsearch/result/?q=10507"",""10507"")",,
COC(=O)c1cc(Nc2nc(C)nc3sc4c(c23)CCC4)cc(C(=O)OC)c1,628456,,,,,,"=HYPERLINK(""https://www.sigmaaldrich.com/US/en/product/aldrich/R854077"",""R854077"")",,,,,,
CCc1cccc(Nc2ncnc3cc(OCCOC)c(OCCOC)cc23)c1,34171127,"=HYPERLINK(""http://www.combi-blocks.com/cgi-bin/find.cgi?QV-5750"",""QV-5750"")",,,,"=HYPERLINK(""http://astatechinc.com/CPSResult.php?CRNO=V10173"",""V10173"")","=HYPERLINK(""https://www.sigmaaldrich.com/US/en/product/aldrich/VBP00240"",""VBP00240"")",,,,,,
