smiles,zinc_id,Combi-Blocks,Matrix Scientific,AK Scientific,Enamine,AstaTech,Sigma Aldrich,Alfa Aesar,AmBeed,aaBlocks,AChemBlock,ChemImpex,BioSynth
O=C1CCc2ccccc2N1c1ccccc1,399765,,,,,,"=HYPERLINK(""https://www.sigmaaldrich.com/US/en/product/aldrich/S798657"",""S798657"")",,,,,,
C[C@@H]1C(=O)N(c2ccccc2)c2ccccc21,100030593,,,,,,"=HYPERLINK(""https://www.sigmaaldrich.com/US/en/product/aldrich/556637"",""556637"")","=HYPERLINK(""https://www.alfa.com/en/catalog/43808"",""43808"")",,,,,
C[C@H]1C(=O)N(c2ccccc2)c2ccccc21,404199,,,,,,"=HYPERLINK(""https://www.sigmaaldrich.com/US/en/product/aldrich/556637"",""556637"")","=HYPERLINK(""https://www.alfa.com/en/catalog/43808"",""43808"")",,,,,
O=C1CCN(c2ccccc2)c2ccccc21,35635907,"=HYPERLINK(""http://www.combi-blocks.com/cgi-bin/find.cgi?QK-4061"",""QK-4061"")",,,,"=HYPERLINK(""http://astatechinc.com/CPSResult.php?CRNO=75225"",""75225"")",,,,,"=HYPERLINK(""http://www.achemblock.com/catalogsearch/result/?q=P51067"",""P51067"")",,
Cc1ccc(N2CCn3c2n[nH]c3=S)cc1,26421935,,,,,,,,,,"=HYPERLINK(""http://www.achemblock.com/catalogsearch/result/?q=L18733"",""L18733"")",,
Fc1ccc(N2CCn3c2n[nH]c3=S)cc1,26421932,,,,,,,,,,"=HYPERLINK(""http://www.achemblock.com/catalogsearch/result/?q=L18685"",""L18685"")",,
O=C1CC(=O)N(c2ccccc2)c2ccccc21,100293608,,,,,,"=HYPERLINK(""https://www.sigmaaldrich.com/US/en/product/aldrich/CDS019027"",""CDS019027"")",,,,,,
O=C1C(=O)N(c2ccccc2)c2ccccc21,1657403,"=HYPERLINK(""http://www.combi-blocks.com/cgi-bin/find.cgi?QF-6703"",""QF-6703"")",,"=HYPERLINK(""https://aksci.com/item_detail.php?cat=Y6367"",""Y6367"")",,,"=HYPERLINK(""https://www.sigmaaldrich.com/US/en/product/aldrich/349119"",""349119"")","=HYPERLINK(""https://www.alfa.com/en/catalog/L11388"",""L11388"")",,,,,
COc1ccc(N2C(=O)Cc3ccccc32)cc1,33468489,,,,,,"=HYPERLINK(""https://www.sigmaaldrich.com/US/en/product/aldrich/PH003437"",""PH003437"")",,,,,,
O=C1C(=O)N2c3ccccc3CCc3cccc1c32,1728537,,,,,,"=HYPERLINK(""https://www.sigmaaldrich.com/US/en/product/aldrich/PH009240"",""PH009240"")",,,,,,
O=C1Cc2ccccc2N1c1ccccc1,41212,"=HYPERLINK(""http://www.combi-blocks.com/cgi-bin/find.cgi?IN-0150"",""IN-0150"")",,"=HYPERLINK(""https://aksci.com/item_detail.php?cat=P924"",""P924"")",,"=HYPERLINK(""http://astatechinc.com/CPSResult.php?CRNO=A10687"",""A10687"")","=HYPERLINK(""https://www.sigmaaldrich.com/US/en/product/aldrich/PH005146"",""PH005146"")",,,"=HYPERLINK(""https://www.aablocks.com/prod/AA003T8N"",""AA003T8N"")",,,
Clc1cncc(N2CCc3ccccc32)n1,42783565,,"=HYPERLINK(""https://www.matrixscientific.com/051910.html"",""051910"")",,,,,,,,,,
Clc1cc(N2CCc3ccccc32)ncn1,40422360,,,,"=HYPERLINK(""https://www.enaminestore.com/catalog/EN300-221094"",""EN300-221094"")",,,,,,,,
O=c1c2ccccc2cc2n1CCN2c1ccccc1,71772421,,,,,,"=HYPERLINK(""https://www.sigmaaldrich.com/US/en/product/aldrich/PH006027"",""PH006027"")",,,,,,
Cc1ccc2c(c1)CCCN2c1ccnc(Cl)n1,44126615,,,,,,"=HYPERLINK(""https://www.sigmaaldrich.com/US/en/product/aldrich/PH001688"",""PH001688"")",,,,,,
COC(=O)c1cccc2c1N1C(=O)C(=O)c3cccc(c31)CC2,71770364,,,,,,"=HYPERLINK(""https://www.sigmaaldrich.com/US/en/product/aldrich/PH004370"",""PH004370"")",,,,,,
COC(=O)C1=CN(c2ccc(C)cc2)c2ccccc2S1(=O)=O,64979124,"=HYPERLINK(""http://www.combi-blocks.com/cgi-bin/find.cgi?QV-7039"",""QV-7039"")",,,,,,,,,,,
