smiles,zinc_id,Combi-Blocks,Matrix Scientific,AK Scientific,Enamine,AstaTech,Sigma Aldrich,Alfa Aesar,AmBeed,aaBlocks,AChemBlock,ChemImpex,BioSynth
Cc1cccc(N(CCC#N)CCC#N)c1,2163494,,,,,,"=HYPERLINK(""https://www.sigmaaldrich.com/US/en/product/aldrich/S742058"",""S742058"")",,,,,,
CCCCN(CCC#N)c1ccccc1,2163503,"=HYPERLINK(""http://www.combi-blocks.com/cgi-bin/find.cgi?QE-8072"",""QE-8072"")",,,,,"=HYPERLINK(""https://www.sigmaaldrich.com/US/en/product/aldrich/S516880"",""S516880"")",,,,,,"=HYPERLINK(""https://www.biosynth.com/en/products/life-science/other-biochemicals/products/W-105088"",""W-105088"")"
CCCN(CCC)c1cc[nH]n1,150002802,"=HYPERLINK(""http://www.combi-blocks.com/cgi-bin/find.cgi?QJ-2701"",""QJ-2701"")",,,,"=HYPERLINK(""http://astatechinc.com/CPSResult.php?CRNO=21161"",""21161"")",,,,,,,
CC(C)CN(CC(C)C)c1ccccc1,33762854,,,,,,"=HYPERLINK(""https://www.sigmaaldrich.com/US/en/product/aldrich/756199"",""756199"")",,,,,,
N#CCCN(CCC#N)c1ccccc1,1700523,,,,"=HYPERLINK(""https://www.enaminestore.com/catalog/EN300-68284"",""EN300-68284"")",,"=HYPERLINK(""https://www.sigmaaldrich.com/US/en/product/aldrich/S391948"",""S391948"")",,,,,,"=HYPERLINK(""https://www.biosynth.com/en/products/life-science/other-biochemicals/products/W-108017"",""W-108017"")"
CCCN(CCC)c1ccncc1,82237596,"=HYPERLINK(""http://www.combi-blocks.com/cgi-bin/find.cgi?QC-5930"",""QC-5930"")",,,,"=HYPERLINK(""http://astatechinc.com/CPSResult.php?CRNO=36366"",""36366"")",,,"=HYPERLINK(""http://www.ambeed.com/search/Search.html?keyword=A117383"",""A117383"")",,"=HYPERLINK(""http://www.achemblock.com/catalogsearch/result/?q=O33678"",""O33678"")",,
CCCN(CCC)c1ccccc1,1687132,"=HYPERLINK(""http://www.combi-blocks.com/cgi-bin/find.cgi?QF-4333"",""QF-4333"")",,"=HYPERLINK(""https://aksci.com/item_detail.php?cat=8448AL"",""8448AL"")",,,,,,,,,"=HYPERLINK(""https://www.biosynth.com/en/products/life-science/other-biochemicals/products/W-107496"",""W-107496"")"
c1ccc(N(C[C@H]2CO2)C[C@H]2CO2)cc1,1667571,,,,"=HYPERLINK(""https://www.enaminestore.com/catalog/EN300-1719547"",""EN300-1719547"")",,,,,,,,
c1ccc(N(C[C@@H]2CO2)C[C@@H]2CO2)cc1,1667574,,,,"=HYPERLINK(""https://www.enaminestore.com/catalog/EN300-1719547"",""EN300-1719547"")",,,,,,,,
CCOC(=O)CN(CCC#N)c1ccccc1,19476440,,,,"=HYPERLINK(""https://www.enaminestore.com/catalog/EN300-36212"",""EN300-36212"")",,,,,,,,"=HYPERLINK(""https://www.biosynth.com/en/products/life-science/other-biochemicals/products/W-107509"",""W-107509"")"
c1ccc(N(C[C@H]2CO2)C[C@@H]2CO2)cc1,17299218,,,,"=HYPERLINK(""https://www.enaminestore.com/catalog/EN300-1719547"",""EN300-1719547"")",,,,,,,,
COc1cccc(N(CCC#N)CCC#N)c1,3053562,,,,,,"=HYPERLINK(""https://www.sigmaaldrich.com/US/en/product/aldrich/R175803"",""R175803"")",,,,,,
CCCN(CCC)c1cncc(Cl)n1,16124183,"=HYPERLINK(""http://www.combi-blocks.com/cgi-bin/find.cgi?HC-6398"",""HC-6398"")",,,,,,,,"=HYPERLINK(""https://www.aablocks.com/prod/AA003GX6"",""AA003GX6"")",,,
CCCN(CCC)c1cc(Cl)ncn1,15021403,"=HYPERLINK(""http://www.combi-blocks.com/cgi-bin/find.cgi?HC-6267"",""HC-6267"")",,,,,,,,"=HYPERLINK(""https://www.aablocks.com/prod/AA005T2L"",""AA005T2L"")",,,
COC(=O)CCN(CCC(=O)OC)c1ccccc1,5141047,"=HYPERLINK(""http://www.combi-blocks.com/cgi-bin/find.cgi?OR-2696"",""OR-2696"")",,,,,,,,,,,
CC(=O)OCCN(CCOC(C)=O)c1ccccc1,2016778,,,,,,"=HYPERLINK(""https://www.sigmaaldrich.com/US/en/product/aldrich/477974"",""477974"")",,,,,,"=HYPERLINK(""https://www.biosynth.com/en/products/life-science/other-biochemicals/products/W-107718"",""W-107718"")"
CC(=O)OCCN(CCOC(C)=O)c1cccc(C)c1,2243586,,,,,,,,,,,,"=HYPERLINK(""https://www.biosynth.com/en/products/life-science/other-biochemicals/products/W-107538"",""W-107538"")"
c1cc(N(C[C@H]2CO2)C[C@@H]2CO2)ccc1OC[C@H]1CO1,1849851,,,,,,"=HYPERLINK(""https://www.sigmaaldrich.com/US/en/product/aldrich/412813"",""412813"")",,,,,,
c1cc(N(C[C@H]2CO2)C[C@@H]2CO2)ccc1OC[C@@H]1CO1,95722059,,,,,,"=HYPERLINK(""https://www.sigmaaldrich.com/US/en/product/aldrich/412813"",""412813"")",,,,,,
c1cc(N(C[C@@H]2CO2)C[C@@H]2CO2)ccc1OC[C@@H]1CO1,2557002,,,,,,"=HYPERLINK(""https://www.sigmaaldrich.com/US/en/product/aldrich/412813"",""412813"")",,,,,,
c1cc(N(C[C@@H]2CO2)C[C@@H]2CO2)ccc1OC[C@H]1CO1,100651262,,,,,,"=HYPERLINK(""https://www.sigmaaldrich.com/US/en/product/aldrich/412813"",""412813"")",,,,,,
CCOC(=O)CN(CCC#N)c1ccc(OC)cc1,57211709,,,,"=HYPERLINK(""https://www.enaminestore.com/catalog/EN300-35979"",""EN300-35979"")",,,,,,,,
CCOC(=O)CCN(CCC(=O)OCC)c1ccccc1,1662199,,,,,"=HYPERLINK(""http://astatechinc.com/CPSResult.php?CRNO=Y14767"",""Y14767"")",,,,,,,
CCN(CC)C(=S)N(C(=S)N(CC)CC)c1ccccc1,3121342,,,,,,"=HYPERLINK(""https://www.sigmaaldrich.com/US/en/product/aldrich/R421693"",""R421693"")",,,,,,
CCCCN(CCCC)c1nc(S)[nH]c(=S)n1,2564432,"=HYPERLINK(""http://www.combi-blocks.com/cgi-bin/find.cgi?QE-9515"",""QE-9515"")",,"=HYPERLINK(""https://aksci.com/item_detail.php?cat=6825AL"",""6825AL"")",,"=HYPERLINK(""http://astatechinc.com/CPSResult.php?CRNO=S11899"",""S11899"")",,,,"=HYPERLINK(""https://www.aablocks.com/prod/AA003MX3"",""AA003MX3"")",,,
CCSCCN(CCSCC)c1ccccc1,2166475,,,,,,"=HYPERLINK(""https://www.sigmaaldrich.com/US/en/product/aldrich/S532797"",""S532797"")",,,,,,
COCCN(CCOC)c1ccc(B2OC(C)(C)C(C)(C)O2)cn1,214107940,,,"=HYPERLINK(""https://aksci.com/item_detail.php?cat=AMTB1036"",""AMTB1036"")",,,,,,,,,
CCCCOC(=O)CN(C(=S)NC(=O)c1ccccc1)c1ccccc1,5567797,,,,,,"=HYPERLINK(""https://www.sigmaaldrich.com/US/en/product/aldrich/R264709"",""R264709"")",,,,,,
CCCCCOC(=O)CN(C(=S)NC(=O)c1ccccc1)c1ccccc1,5502870,,,,,,"=HYPERLINK(""https://www.sigmaaldrich.com/US/en/product/aldrich/R264660"",""R264660"")",,,,,,
