smiles,zinc_id,inchikey,mwt,logp,reactive,purchasable,tranche_name,features
c1cc(N(c2ccncc2)c2ccncc2)ccn1,199360251,PDGVLYLXTUFIOL-UHFFFAOYSA-N,248.289,3.341,0,50,BGAA,
O=c1nc(N(c2ccccc2)c2ccccc2)[nH]c(=O)[nH]1,4946864,RZRVAUVXBBEMOV-UHFFFAOYSA-N,280.287,1.928,0,50,CDAA,
O=S1(=O)c2ccccc2N(c2ccccc2)c2nnnn21,1589173,YDYAHVPBPHBPHJ-UHFFFAOYSA-N,299.315,1.693,0,40,CDAB,
CCOc1nc(N(c2ccccc2)c2ccccc2)nc(=O)[nH]1,1446025,QBKOEQKMSLZVSH-UHFFFAOYSA-N,308.341,3.033,0,50,DGAA,
CCOc1nc(NN)nc(N(c2ccccc2)c2ccccc2)n1,1446026,SZRIYGKSGRJFHQ-UHFFFAOYSA-N,322.372,3.026,0,50,DGAA,
CCOc1nc(N)nc(N(c2ccccc2)c2ccccc2)n1,1446073,YNCHLSFYIAGWSA-UHFFFAOYSA-N,307.357,3.322,0,50,DGAA,
COc1nc(OC)nc(N(c2ccccc2)c2ccccc2)n1,129496,HRSBITDHPVDCSM-UHFFFAOYSA-N,308.341,3.359,0,40,DGAB,
Nc1ncnc(N(c2ccccc2)c2ccccc2)n1,4737050,AGPTVYRMMJDLMW-UHFFFAOYSA-N,263.304,2.924,0,50,CFAA,
c1ccc(N2c3nccnc3Nc3nccnc32)cc1,6045580,GJAIUEDBOSRTGO-UHFFFAOYSA-N,262.276,2.793,0,40,CFAB,
CCOc1nc(C#N)nc(N(c2ccccc2)c2ccccc2)n1,1421005,CRAQCPGLLQOHNW-UHFFFAOYSA-N,317.352,3.612,30,50,DHEA,
N#Cc1nc(N)nc(N(c2ccccc2)c2ccccc2)n1,105000,KTIBTQAECPZEKI-UHFFFAOYSA-N,288.314,2.795,30,40,CFEB,aggregator
Nc1nc(Cl)nc(N(c2ccccc2)c2ccccc2)n1,56268,WXZXJRUJZLMJNO-UHFFFAOYSA-N,297.749,3.577,0,50,CHAA,
O=[N+]([O-])c1nc[nH]c1N(c1ccccc1)c1ccccc1,6694677,HZKNIJOVSXZGHF-UHFFFAOYSA-N,280.287,3.788,5,50,CHBA,
Nc1ccc(N(c2ccc(N)cc2)c2ccc(N)cc2)cc1,5420824,SNLFYGIUTYKKOE-UHFFFAOYSA-N,290.37,3.903,10,50,CHCA,in-vitro
NNc1nc(NN)nc(N(c2ccccc2)c2ccccc2)n1,363259,VOIWUFJRFZOGPU-UHFFFAOYSA-N,308.349,1.913,0,50,DDAA,
N/C(=N/O)c1nc(N)nc(N(c2ccccc2)c2ccccc2)n1,4707651,NDSSDORUFOKWIZ-UHFFFAOYSA-N,321.344,2.018,30,50,DEEA,
CN(C)c1nc(N)nc(N(c2ccccc2)c2ccccc2)n1,105023,RXWHSQPUNDULPX-UHFFFAOYSA-N,306.373,2.99,0,50,DFAA,
Nc1nc(N2CCOCC2)nc(N(c2ccccc2)c2ccccc2)n1,98832,BMAXHAYPZCLHNX-UHFFFAOYSA-N,348.41,2.76,0,50,EFAA,
Oc1nc(N2CCOCC2)nc(N(c2ccccc2)c2ccccc2)n1,5095402,URQDDMZNSZEMIC-UHFFFAOYSA-N,349.394,2.884,0,50,EFAA,
Nc1nc(SCCO)nc(N(c2ccccc2)c2ccccc2)n1,4707649,PFVCCUXXPLEKEB-UHFFFAOYSA-N,339.424,3.008,0,50,EGAA,
Cc1nc(-c2nc(N)nc(N(c3ccccc3)c3ccccc3)n2)no1,4707646,XZSYBFTXFWUDTP-UHFFFAOYSA-N,345.366,3.282,0,50,EGAA,
CCN(CC)c1nc(N)nc(N(c2ccccc2)c2ccccc2)n1,105020,DDKHJZWHMUZSGF-UHFFFAOYSA-N,334.427,3.77,0,50,EHAA,
Nc1nc(N2CCCCC2)nc(N(c2ccccc2)c2ccccc2)n1,105017,SWRLSFMRCDKQRT-UHFFFAOYSA-N,346.438,3.914,0,50,EHAA,
COc1nc(N(c2ccccc2)c2ccccc2)nc(-n2ccnc2)n1,112045,ONQRAYLUTWMTGL-UHFFFAOYSA-N,344.378,3.536,0,50,EHAA,
Nc1nc(N(c2ccccc2)c2ccccc2)nc(C(F)(F)F)n1,49598,YPLBRWHXHBIGAC-UHFFFAOYSA-N,331.301,3.942,0,40,EHAB,
CNC(=O)CNCc1ccc(N(c2ccccc2)c2ccccc2)cc1,57386058,NZXHAQWDQXKSGV-UHFFFAOYSA-N,345.446,3.992,0,40,EHAB,
N#Cc1nc(N2CCCC2)nc(N(c2ccccc2)c2ccccc2)n1,110879,RCFRVQFKBHAWED-UHFFFAOYSA-N,342.406,3.813,30,50,EHEA,
CCOc1nc(OCC#N)nc(N(c2ccccc2)c2ccccc2)n1,4622648,KERGNQZCXFTMSE-UHFFFAOYSA-N,347.378,3.642,30,50,EHEA,
NNc1nc(N2CCOCC2)nc(N(c2ccccc2)c2ccccc2)n1,850704,UOERJOALJMWVJN-UHFFFAOYSA-N,363.425,2.464,0,50,FEAA,
O=C(O)CNc1nc(NCC(=O)O)nc(N(c2ccccc2)c2ccccc2)n1,55484234,KZDASOBJEVVAFH-UHFFFAOYSA-N,394.391,2.334,0,50,GEAA,
CC(=O)O/N=C(\N)c1nc(N)nc(N(c2ccccc2)c2ccccc2)n1,4707642,UBTOVFLHKLESKZ-UHFFFAOYSA-N,363.381,2.107,30,50,FEEA,
CCOc1nc(/C(N)=N\O)nc(N(c2ccccc2)c2ccccc2)n1,4622604,KQXPUBYYLZTTEL-UHFFFAOYSA-N,350.382,2.835,30,50,FFEA,
CNc1nc(N2CCOCC2)nc(N(c2ccccc2)c2ccccc2)n1,771830,YMQNYRCXGSABJR-UHFFFAOYSA-N,362.437,3.22,0,50,FGAA,
CN(C)c1nc(N2CCOCC2)nc(N(c2ccccc2)c2ccccc2)n1,753729,KMWYDCVNXCAKNT-UHFFFAOYSA-N,376.464,3.244,0,50,GGAA,
CC(=O)c1nnn(-c2nc(N)nc(N(c3ccccc3)c3ccccc3)n2)c1C,1431200,BXKPXOLOHHWWCM-UHFFFAOYSA-N,386.419,3.015,0,50,GGAA,
c1ccc(N(c2ccccc2)c2nc(N3CCOCC3)nc(-n3ccnc3)n2)cc1,1074899,JGZZOBASRXHWRQ-UHFFFAOYSA-N,399.458,3.364,0,50,GGAA,
C[N+](C)(C)c1nc(N2CCOCC2)nc(N(c2ccccc2)c2ccccc2)n1,3617100,UPCHZPMUOIOAFQ-UHFFFAOYSA-N,391.499,3.375,5,50,GGBA,
N#Cc1nc(N2CCOCC2)nc(N(c2ccccc2)c2ccccc2)n1,968796,HALQGNYTLKYDHV-UHFFFAOYSA-N,358.405,3.05,30,50,FGEA,
C#CCOc1nc(OCC#C)nc(N(c2ccccc2)c2ccccc2)n1,3092902,KUFZFRDGUOZDPJ-UHFFFAOYSA-N,356.385,3.365,30,40,FGEB,
Clc1nc(N2CCOCC2)nc(N(c2ccccc2)c2ccccc2)n1,625926,CBAOGVKGQAPSNR-UHFFFAOYSA-N,367.84,3.831,0,50,FHAA,
COC(=O)CNc1nc(Cl)nc(N(c2ccccc2)c2ccccc2)n1,788022,FSUFUXTWQQHQDS-UHFFFAOYSA-N,369.812,3.58,0,50,FHAA,
N/C(=N\O)c1nc(N2CCCC2)nc(N(c2ccccc2)c2ccccc2)n1,13123697,DFIBKKCZVMHTRL-UHFFFAOYSA-N,375.436,3.036,30,50,GGEA,
CCNc1nc(N2CCOCC2)nc(N(c2ccccc2)c2ccccc2)n1,754204,VWVMRMAAZOCHJJ-UHFFFAOYSA-N,376.464,3.61,0,50,GHAA,
c1ccc(N(c2ccccc2)c2nc(N3CCOCC3)nc(-n3cccc3)n2)cc1,4575125,AKIOQMMRONNZDW-UHFFFAOYSA-N,398.47,3.969,0,50,GHAA,
NNc1nc(OCC(F)(F)F)nc(N(c2ccccc2)c2ccccc2)n1,850709,VBCBGESGNOMXSW-UHFFFAOYSA-N,376.342,3.568,0,50,GHAA,
CC(C)Nc1nc(N2CCOCC2)nc(N(c2ccccc2)c2ccccc2)n1,753735,GLOHROLDQNUOLW-UHFFFAOYSA-N,390.491,3.998,0,50,GHAA,
c1ccc(N(c2ccccc2)c2nc(-n3ccnc3)nc(-n3ccnc3)n2)cc1,1434639,TVBVXZRVHVVBFL-UHFFFAOYSA-N,380.415,3.713,0,50,GHAA,
C=CCNc1nc(N2CCOCC2)nc(N(c2ccccc2)c2ccccc2)n1,4599412,FKLPIRCSNUUUMA-UHFFFAOYSA-N,388.475,3.776,30,50,GHEA,
